30,1
30.033,1
30.067,1
30.1,1
30.133,1
30.167,1
30.2,1
30.233,1
30.267,1
30.3,1
30.333,1
30.367,1
30.4,1
30.433,1
30.467,1
30.5,1
30.533,1
30.567,1
30.6,1
30.633,1
30.667,1
30.7,1
30.733,1
30.767,1
30.8,1
30.833,1
30.867,1
30.9,1
30.933,1
30.967,1
31,1
31.033,1
31.067,1
31.1,1
31.133,1
31.167,1
31.2,1
31.233,1
31.267,1
31.3,1
31.333,1
31.367,1
31.4,1
31.433,1
31.467,1
31.5,1
31.533,1
31.567,1
31.6,1
31.633,1
31.667,1
31.7,1
31.733,1
31.767,1
31.8,1
31.833,1
31.867,1
31.9,1
31.933,1
31.967,1
32,1
32.033,1
32.067,1
32.1,1
32.133,1
32.167,1
32.2,1
32.233,1
32.267,1
32.3,1
32.333,1
32.367,1
32.4,1
32.433,1
32.467,1
32.5,1
32.533,1
32.567,1
32.6,1
32.633,1
32.667,1
32.7,1
32.733,1
32.767,1
32.8,1
32.833,1
32.867,1
32.9,1
32.933,1
32.967,1
33,1
33.033,1
33.067,1
33.1,1
33.133,1
33.167,1
33.2,1
33.233,1
33.267,1
33.3,1
33.333,1
33.367,1
33.4,1
33.433,1
33.467,1
33.5,1
33.533,1
33.567,1
33.6,1
33.633,1
33.667,1
33.7,1
33.733,1
33.767,1
33.8,1
33.833,1
33.867,1
33.9,1
33.933,1
33.967,1
34,1
34.033,1
34.067,1
34.1,1
34.133,1
34.167,1
34.2,1
34.233,1
34.267,1
34.3,1
34.333,1
34.367,1
34.4,1
34.433,1
34.467,1
34.5,1
34.533,1
34.567,1
34.6,1
34.633,1
34.667,1
34.7,1
34.733,1
34.767,1
34.8,1
34.833,1
34.867,1
34.9,1
34.933,1
34.967,1
35,1
35.033,1
35.067,1
35.1,1
35.133,1
35.167,1
35.2,1
35.233,1
35.267,1
35.3,1
35.333,1
35.367,1
35.4,1
35.433,1
35.467,1
35.5,1
35.533,1
35.567,1
35.6,1
35.633,1
35.667,1
35.7,1
35.733,1
35.767,1
35.8,1
35.833,1
35.867,1
35.9,1
35.933,1
35.967,1
36,1
36.033,1
36.067,1
36.1,1
36.133,1
36.167,1
36.2,1
36.233,1
36.267,1
36.3,1
36.333,1
36.367,1
36.4,1
36.433,1
36.467,1
36.5,1
36.533,1
36.567,1
36.6,1
36.633,1
36.667,1
36.7,1
36.733,1
36.767,1
36.8,1
36.833,1
36.867,1
36.9,1
36.933,1
36.967,1
37,1
37.033,1
37.067,1
37.1,1
37.133,1
37.167,1
37.2,1
37.233,1
37.267,1
37.3,1
37.333,1
37.367,1
37.4,1
37.433,1
37.467,1
37.5,1
37.533,1
37.567,1
37.6,1
37.633,1
37.667,1
37.7,1
37.733,1
37.767,1
37.8,1
37.833,1
37.867,1
37.9,1
37.933,1
37.967,1
38,1
38.033,1
38.067,1
38.1,1
38.133,1
38.167,1
38.2,1
38.233,1
38.267,1
38.3,1
38.333,1
38.367,1
38.4,1
38.433,1
38.467,1
38.5,1
38.533,1
38.567,1
38.6,1
38.633,1
38.667,1
38.7,1
38.733,1
38.767,1
38.8,1
38.833,1
38.867,1
38.9,1
38.933,1
38.967,1
39,1
39.033,1
39.067,1
39.1,1
39.133,1
39.167,1
39.2,1
39.233,1
39.267,1
39.3,1
39.333,1
39.367,1
39.4,1
39.433,1
39.467,1
39.5,1
39.533,1
39.567,1
39.6,1
39.633,1
39.667,1
39.7,1
39.733,1
39.767,1
39.8,1
39.833,1
39.867,1
39.9,1
39.933,1
39.967,1
40,1
40.033,1
40.067,1
40.1,1
40.133,1
40.167,1
40.2,1
40.233,1
40.267,1
40.3,1
40.333,1
40.367,1
40.4,1
40.433,1
40.467,1
40.5,1
40.533,1
40.567,1
40.6,1
40.633,1
40.667,1
40.7,1
40.733,1
40.767,1
40.8,1
40.833,1
40.867,1
40.9,1
40.933,1
40.967,1
41,1
41.033,1
41.067,1
41.1,1
41.133,1
41.167,1
41.2,1
41.233,1
41.267,1
41.3,1
41.333,1
41.367,1
41.4,1
41.433,1
41.467,1
41.5,1
41.533,1
41.567,1
41.6,1
41.633,1
41.667,1
41.7,1
41.733,1
41.767,1
41.8,1
41.833,1
41.867,1
41.9,1
41.933,1
41.967,1
42,1
42.033,1
42.067,1
42.1,1
42.133,1
42.167,1
42.2,1
42.233,1
42.267,1
42.3,1
42.333,1
42.367,1
42.4,1
42.433,1
42.467,1
42.5,1
42.533,1
42.567,1
42.6,1
42.633,1
42.667,1
42.7,1
42.733,1
42.767,1
42.8,1
42.833,1
42.867,1
42.9,1
42.933,1
42.967,1
43,1
43.033,1
43.067,1
43.1,1
43.133,1
43.167,1
43.2,1
43.233,1
43.267,1
43.3,1
43.333,1
43.367,1
43.4,1
43.433,1
43.467,1
43.5,1
43.533,1
43.567,1
43.6,1
43.633,1
43.667,1
43.7,1
43.733,1
43.767,1
43.8,1
43.833,1
43.867,1
43.9,1
43.933,1
43.967,1
44,1
44.033,1
44.067,1
44.1,1
44.133,1
44.167,1
44.2,1
44.233,1
44.267,1
44.3,1
44.333,1
44.367,1
44.4,1
44.433,1
44.467,1
44.5,1
44.533,1
44.567,1
44.6,1
44.633,1
44.667,1
44.7,0
44.733,0
44.767,0
44.8,0
44.833,0
44.867,0
44.9,0
44.933,3
44.967,3
45,3
45.033,3
45.067,3
45.1,3
45.133,3
45.167,3
45.2,3
45.233,3
45.267,3
45.3,3
45.333,3
45.367,3
45.4,3
45.433,3
45.467,3
45.5,3
45.533,3
45.567,3
45.6,3
45.633,3
45.667,3
45.7,3
45.733,3
45.767,3
45.8,3
45.833,3
45.867,3
45.9,3
45.933,3
45.967,3
46,3
46.033,3
46.067,3
46.1,3
46.133,3
46.167,3
46.2,3
46.233,3
46.267,3
46.3,3
46.333,3
46.367,3
46.4,3
46.433,3
46.467,3
46.5,3
46.533,3
46.567,3
46.6,3
46.633,3
46.667,3
46.7,3
46.733,3
46.767,3
46.8,3
46.833,3
46.867,3
46.9,3
46.933,3
46.967,3
47,3
47.033,3
47.067,3
47.1,3
47.133,3
47.167,3
47.2,3
47.233,3
47.267,3
47.3,3
47.333,3
47.367,3
47.4,3
47.433,3
47.467,3
47.5,3
47.533,3
47.567,3
47.6,3
47.633,3
47.667,3
47.7,3
47.733,3
47.767,3
47.8,3
47.833,3
47.867,3
47.9,3
47.933,3
47.967,3
48,3
48.033,3
48.067,3
48.1,3
48.133,3
48.167,3
48.2,3
48.233,3
48.267,3
48.3,3
48.333,3
48.367,3
48.4,3
48.433,3
48.467,3
48.5,3
48.533,3
48.567,3
48.6,3
48.633,3
48.667,3
48.7,3
48.733,3
48.767,3
48.8,3
48.833,3
48.867,3
48.9,3
48.933,3
48.967,3
49,3
49.033,3
49.067,3
49.1,3
49.133,3
49.167,3
49.2,3
49.233,3
49.267,3
49.3,3
49.333,3
49.367,3
49.4,3
49.433,3
49.467,3
49.5,3
49.533,3
49.567,3
49.6,3
49.633,3
49.667,3
49.7,3
49.733,3
49.767,3
49.8,3
49.833,3
49.867,3
49.9,3
49.933,3
49.967,3
50,3
50.033,3
50.067,3
50.1,3
50.133,3
50.167,3
50.2,3
50.233,3
50.267,3
50.3,3
50.333,3
50.367,3
50.4,3
50.433,3
50.467,3
50.5,3
50.533,3
50.567,3
50.6,3
50.633,3
50.667,3
50.7,3
50.733,3
50.767,3
50.8,3
50.833,3
50.867,3
50.9,3
50.933,3
50.967,3
51,3
51.033,3
51.067,3
51.1,3
51.133,3
51.167,3
51.2,3
51.233,3
51.267,3
51.3,3
51.333,3
51.367,3
51.4,3
51.433,0
51.467,0
51.5,0
51.533,0
51.567,0
51.6,0
51.633,0
51.667,0
51.7,0
51.733,0
51.767,0
51.8,0
51.833,0
51.867,0
51.9,0
51.933,0
51.967,0
52,0
52.033,0
52.067,0
52.1,0
52.133,0
52.167,0
52.2,0
52.233,0
52.267,0
52.3,0
52.333,0
52.367,0
52.4,0
52.433,0
52.467,0
52.5,0
52.533,0
52.567,0
52.6,0
52.633,0
52.667,0
52.7,0
52.733,0
52.767,0
52.8,0
52.833,0
52.867,0
52.9,0
52.933,0
52.967,0
53,0
53.033,0
53.067,0
53.1,0
53.133,0
53.167,0
53.2,0
53.233,0
53.267,0
53.3,0
53.333,0
53.367,0
53.4,0
53.433,0
53.467,0
53.5,0
53.533,0
53.567,0
53.6,0
53.633,0
53.667,0
53.7,0
53.733,0
53.767,0
53.8,0
53.833,0
53.867,0
53.9,0
53.933,0
53.967,0
54,0
54.033,0
54.067,0
54.1,0
54.133,0
54.167,0
54.2,0
54.233,0
54.267,0
54.3,0
54.333,0
54.367,0
54.4,0
54.433,0
54.467,0
54.5,0
54.533,0
54.567,0
54.6,0
54.633,0
54.667,0
54.7,0
54.733,0
54.767,0
54.8,0
54.833,0
54.867,0
54.9,0
54.933,0
54.967,0
55,0
55.033,0
55.067,0
55.1,0
55.133,0
55.167,0
55.2,0
55.233,0
55.267,0
55.3,0
55.333,0
55.367,0
55.4,0
55.433,0
55.467,0
55.5,0
55.533,0
55.567,0
55.6,0
55.633,0
55.667,0
55.7,0
55.733,0
55.767,0
55.8,0
55.833,0
55.867,0
55.9,0
55.933,0
55.967,0
56,0
56.033,0
56.067,0
56.1,0
56.133,0
56.167,2
56.2,2
56.233,2
56.267,2
56.3,2
56.333,2
56.367,2
56.4,2
56.433,2
56.467,2
56.5,2
56.533,2
56.567,2
56.6,2
56.633,2
56.667,2
56.7,2
56.733,2
56.767,2
56.8,2
56.833,2
56.867,2
56.9,2
56.933,2
56.967,2
57,2
57.033,2
57.067,2
57.1,2
57.133,2
57.167,2
57.2,2
57.233,2
57.267,2
57.3,2
57.333,2
57.367,2
57.4,2
57.433,2
57.467,2
57.5,2
57.533,2
57.567,2
57.6,2
57.633,2
57.667,2
57.7,2
57.733,2
57.767,2
57.8,2
57.833,0
57.867,0
57.9,0
57.933,0
57.967,0
58,1
58.033,1
58.067,1
58.1,1
58.133,1
58.167,1
58.2,1
58.233,1
58.267,1
58.3,1
58.333,1
58.367,1
58.4,1
58.433,1
58.467,1
58.5,1
58.533,1
58.567,1
58.6,1
58.633,1
58.667,1
58.7,1
58.733,1
58.767,1
58.8,1
58.833,1
58.867,1
58.9,1
58.933,1
58.967,1
59,1
59.033,1
59.067,1
59.1,1
59.133,1
59.167,1
59.2,1
59.233,1
59.267,1
59.3,1
59.333,1
59.367,1
59.4,1
59.433,1
59.467,1
59.5,1
59.533,1
59.567,1
59.6,1
59.633,1
59.667,1
59.7,1
59.733,1
59.767,1
59.8,1
59.833,1
59.867,1
59.9,1
59.933,1
59.967,1
60,1
60.033,1
60.067,1
60.1,1
60.133,1
60.167,1
60.2,0
60.233,0
60.267,0
60.3,0
60.333,0
60.367,0
60.4,0
60.433,0
60.467,0
60.5,0
60.533,0
60.567,0
60.6,0
60.633,0
60.667,0
60.7,0
60.733,0
60.767,0
60.8,0
60.833,0
60.867,0
60.9,0
60.933,0
60.967,0
61,0
61.033,0
61.067,0
61.1,0
61.133,0
61.167,0
61.2,0
61.233,0
61.267,0
61.3,0
61.333,0
61.367,0
61.4,0
61.433,0
61.467,0
61.5,0
61.533,0
61.567,0
61.6,0
61.633,0
61.667,0
61.7,0
61.733,0
61.767,0
61.8,0
61.833,0
61.867,0
61.9,0
61.933,0
61.967,0
62,0
62.033,0
62.067,0
62.1,0
62.133,0
62.167,0
62.2,0
62.233,0
62.267,0
62.3,0
62.333,0
62.367,0
62.4,0
62.433,0
62.467,0
62.5,0
62.533,0
62.567,0
62.6,0
62.633,0
62.667,0
62.7,0
62.733,0
62.767,0
62.8,0
62.833,0
62.867,0
62.9,0
62.933,0
62.967,0
63,0
63.033,0
63.067,0
63.1,0
63.133,0
63.167,0
63.2,0
63.233,0
63.267,0
63.3,0
63.333,0
63.367,0
63.4,0
63.433,0
63.467,0
63.5,0
63.533,0
63.567,0
63.6,0
63.633,0
63.667,0
63.7,0
63.733,0
63.767,0
63.8,0
63.833,0
63.867,0
63.9,0
63.933,0
63.967,0
64,0
64.033,0
64.067,0
64.1,0
64.133,0
64.167,0
64.2,0
64.233,0
64.267,0
64.3,0
64.333,0
64.367,0
64.4,0
64.433,0
64.467,0
64.5,0
64.533,0
64.567,0
64.6,0
64.633,0
64.667,0
64.7,0
64.733,0
64.767,0
64.8,0
64.833,0
64.867,0
64.9,0
64.933,0
64.967,0
65,0
65.033,0
65.067,0
65.1,0
65.133,0
65.167,0
65.2,0
65.233,0
65.267,0
65.3,0
65.333,0
65.367,0
65.4,0
65.433,0
65.467,0
65.5,0
65.533,0
65.567,0
65.6,0
65.633,0
65.667,0
65.7,0
65.733,0
65.767,0
65.8,0
65.833,0
65.867,0
65.9,0
65.933,0
65.967,0
66,0
66.033,0
66.067,0
66.1,0
66.133,0
66.167,0
66.2,0
66.233,0
66.267,0
66.3,0
66.333,0
66.367,0
66.4,0
66.433,0
66.467,0
66.5,0
66.533,0
66.567,0
66.6,0
66.633,0
66.667,0
66.7,0
66.733,0
66.767,0
66.8,0
66.833,0
66.867,0
66.9,0
66.933,0
66.967,0
67,0
67.033,0
67.067,0
67.1,0
67.133,0
67.167,0
67.2,0
67.233,0
67.267,0
67.3,0
67.333,0
67.367,0
67.4,0
67.433,0
67.467,0
67.5,0
67.533,0
67.567,0
67.6,0
67.633,0
67.667,0
67.7,0
67.733,0
67.767,0
67.8,0
67.833,0
67.867,0
67.9,0
67.933,0
67.967,0
68,0
68.033,0
68.067,0
68.1,0
68.133,0
68.167,0
68.2,0
68.233,0
68.267,0
68.3,0
68.333,0
68.367,0
68.4,0
68.433,0
68.467,0
68.5,0
68.533,0
68.567,0
68.6,0
68.633,0
68.667,0
68.7,0
68.733,0
68.767,0
68.8,0
68.833,0
68.867,0
68.9,0
68.933,0
68.967,0
69,0
69.033,0
69.067,0
69.1,0
69.133,0
69.167,0
69.2,0
69.233,0
69.267,0
69.3,0
69.333,0
69.367,0
69.4,0
69.433,0
69.467,0
69.5,0
69.533,0
69.567,0
69.6,0
69.633,0
69.667,0
69.7,0
69.733,0
69.767,0
69.8,0
69.833,0
69.867,0
69.9,0
69.933,0
69.967,0
70,0
70.033,0
70.067,0
70.1,0
70.133,0
70.167,0
70.2,0
70.233,0
70.267,0
70.3,0
70.333,0
70.367,0
70.4,0
70.433,0
70.467,0
70.5,0
70.533,0
70.567,0
70.6,0
70.633,0
70.667,0
70.7,0
70.733,0
70.767,0
70.8,0
70.833,0
70.867,0
70.9,0
70.933,0
70.967,0
71,0
71.033,0
71.067,0
71.1,0
71.133,0
71.167,0
71.2,0
71.233,0
71.267,0
71.3,0
71.333,0
71.367,0
71.4,0
71.433,0
71.467,0
71.5,0
71.533,0
71.567,0
71.6,0
71.633,0
71.667,0
71.7,0
71.733,0
71.767,0
71.8,0
71.833,0
71.867,0
71.9,0
71.933,0
71.967,0
72,0
72.033,0
72.067,0
72.1,0
72.133,0
72.167,0
72.2,0
72.233,0
72.267,0
72.3,0
72.333,0
72.367,0
72.4,0
72.433,0
72.467,0
72.5,0
72.533,0
72.567,0
72.6,0
72.633,0
72.667,0
72.7,0
72.733,0
72.767,0
72.8,0
72.833,0
72.867,0
72.9,0
72.933,0
72.967,0
73,0
73.033,0
73.067,0
73.1,0
73.133,0
73.167,0
73.2,0
73.233,0
73.267,0
73.3,0
73.333,0
73.367,0
73.4,0
73.433,0
73.467,0
73.5,0
73.533,0
73.567,0
73.6,0
73.633,0
73.667,0
73.7,0
73.733,0
73.767,0
73.8,0
73.833,0
73.867,0
73.9,0
73.933,0
73.967,0
74,0
74.033,0
74.067,0
74.1,0
74.133,0
74.167,0
74.2,0
74.233,0
74.267,0
74.3,0
74.333,0
74.367,0
74.4,0
74.433,0
74.467,0
74.5,0
74.533,0
74.567,0
74.6,0
74.633,0
74.667,0
74.7,0
74.733,0
74.767,0
74.8,0
74.833,0
74.867,0
74.9,0
74.933,0
74.967,0
75,0
75.033,0
75.067,0
75.1,0
75.133,0
75.167,0
75.2,0
75.233,0
75.267,0
75.3,0
75.333,0
75.367,0
75.4,0
75.433,0
75.467,0
75.5,0
75.533,0
75.567,0
75.6,0
75.633,0
75.667,0
75.7,0
75.733,0
75.767,0
75.8,0
75.833,0
75.867,0
75.9,0
75.933,0
75.967,0
76,0
76.033,0
76.067,0
76.1,0
76.133,0
76.167,0
76.2,0
76.233,0
76.267,0
76.3,0
76.333,0
76.367,0
76.4,0
76.433,0
76.467,0
76.5,0
76.533,0
76.567,0
76.6,0
76.633,0
76.667,0
76.7,0
76.733,0
76.767,0
76.8,0
76.833,0
76.867,0
76.9,0
76.933,0
76.967,0
77,0
77.033,0
77.067,0
77.1,0
77.133,0
77.167,0
77.2,0
77.233,0
77.267,0
77.3,0
77.333,0
77.367,0
77.4,0
77.433,0
77.467,0
77.5,0
77.533,0
77.567,0
77.6,0
77.633,0
77.667,0
77.7,0
77.733,0
77.767,0
77.8,0
77.833,0
77.867,0
77.9,0
77.933,0
77.967,0
78,0
78.033,0
78.067,0
78.1,0
78.133,0
78.167,0
78.2,0
78.233,0
78.267,0
78.3,0
78.333,0
78.367,0
78.4,0
78.433,0
78.467,0
78.5,0
78.533,0
78.567,0
78.6,0
78.633,0
78.667,0
78.7,0
78.733,0
78.767,0
78.8,0
78.833,0
78.867,0
78.9,0
78.933,0
78.967,0
79,0
79.033,0
79.067,0
79.1,0
79.133,0
79.167,0
79.2,0
79.233,0
79.267,0
79.3,0
79.333,0
79.367,0
79.4,0
79.433,0
79.467,0
79.5,0
79.533,0
79.567,0
79.6,0
79.633,0
79.667,0
79.7,0
79.733,0
79.767,0
79.8,0
79.833,0
79.867,0
79.9,0
79.933,0
79.967,0
80,0
80.033,0
80.067,0
80.1,0
80.133,0
80.167,0
80.2,0
80.233,0
80.267,0
80.3,0
80.333,0
80.367,0
80.4,0
80.433,0
80.467,0
80.5,0
80.533,0
80.567,0
80.6,0
80.633,0
80.667,0
80.7,0
80.733,0
80.767,0
80.8,0
80.833,0
80.867,0
80.9,0
80.933,0
80.967,0
81,0
81.033,0
81.067,0
81.1,0
81.133,0
81.167,0
81.2,0
81.233,0
81.267,0
81.3,0
81.333,0
81.367,0
81.4,0
81.433,0
81.467,0
81.5,0
81.533,0
81.567,0
81.6,0
81.633,0
81.667,0
81.7,0
81.733,0
81.767,0
81.8,0
81.833,0
81.867,0
81.9,0
81.933,0
81.967,0
82,0
82.033,0
82.067,0
82.1,0
82.133,0
82.167,0
82.2,0
82.233,0
82.267,0
82.3,0
82.333,0
82.367,0
82.4,0
82.433,0
82.467,0
82.5,0
82.533,0
82.567,0
82.6,0
82.633,0
82.667,0
82.7,0
82.733,0
82.767,0
82.8,0
82.833,0
82.867,0
82.9,0
82.933,0
82.967,0
83,0
83.033,0
83.067,0
83.1,0
83.133,0
83.167,0
83.2,0
83.233,0
83.267,0
83.3,0
83.333,0
83.367,0
83.4,0
83.433,0
83.467,0
83.5,0
83.533,0
83.567,0
83.6,0
83.633,0
83.667,0
83.7,0
83.733,0
83.767,0
83.8,0
83.833,0
83.867,0
83.9,0
83.933,0
83.967,0
84,0
84.033,0
84.067,0
84.1,0
84.133,0
84.167,0
84.2,0
84.233,0
84.267,0
84.3,0
84.333,0
84.367,0
84.4,0
84.433,0
84.467,0
84.5,0
84.533,0
84.567,0
84.6,0
84.633,0
84.667,0
84.7,0
84.733,0
84.767,0
84.8,0
84.833,0
84.867,0
84.9,0
84.933,0
84.967,0
85,0
85.033,0
85.067,0
85.1,0
85.133,0
85.167,0
85.2,0
85.233,0
85.267,2
85.3,2
85.333,2
85.367,2
85.4,2
85.433,2
85.467,2
85.5,2
85.533,2
85.567,2
85.6,2
85.633,2
85.667,2
85.7,2
85.733,2
85.767,2
85.8,2
85.833,2
85.867,2
85.9,2
85.933,2
85.967,2
86,2
86.033,2
86.067,2
86.1,2
86.133,2
86.167,2
86.2,2
86.233,2
86.267,2
86.3,2
86.333,2
86.367,2
86.4,2
86.433,2
86.467,2
86.5,2
86.533,2
86.567,2
86.6,2
86.633,2
86.667,2
86.7,2
86.733,2
86.767,2
86.8,2
86.833,2
86.867,2
86.9,2
86.933,2
86.967,2
87,2
87.033,2
87.067,2
87.1,2
87.133,2
87.167,2
87.2,2
87.233,2
87.267,2
87.3,2
87.333,2
87.367,2
87.4,2
87.433,2
87.467,2
87.5,2
87.533,2
87.567,2
87.6,2
87.633,2
87.667,2
87.7,2
87.733,2
87.767,2
87.8,2
87.833,2
87.867,2
87.9,2
87.933,2
87.967,2
88,2
88.033,2
88.067,2
88.1,2
88.133,2
88.167,2
88.2,2
88.233,2
88.267,0
88.3,0
88.333,0
88.367,0
88.4,0
88.433,0
88.467,0
88.5,0
88.533,0
88.567,0
88.6,0
88.633,0
88.667,0
88.7,0
88.733,0
88.767,0
88.8,0
88.833,0
88.867,0
88.9,0
88.933,0
88.967,0
89,0
89.033,0
89.067,3
89.1,3
89.133,3
89.167,3
89.2,3
89.233,3
89.267,3
89.3,3
89.333,3
89.367,3
89.4,3
89.433,3
89.467,3
89.5,3
89.533,3
89.567,3
89.6,3
89.633,3
89.667,3
89.7,3
89.733,3
89.767,3
89.8,3
89.833,3
89.867,3
89.9,3
89.933,3
89.967,3
90,3
90.033,3
90.067,3
90.1,3
90.133,3
90.167,3
90.2,3
90.233,3
90.267,3
90.3,3
90.333,3
90.367,3
90.4,3
90.433,3
90.467,3
90.5,3
90.533,3
90.567,3
90.6,3
90.633,3
90.667,3
90.7,3
90.733,3
90.767,3
90.8,3
90.833,3
90.867,3
90.9,3
90.933,3
90.967,3
91,3
91.033,3
91.067,3
91.1,3
91.133,3
91.167,3
91.2,3
91.233,3
91.267,3
91.3,3
91.333,3
91.367,3
91.4,3
91.433,3
91.467,3
91.5,3
91.533,3
91.567,3
91.6,3
91.633,3
91.667,3
91.7,3
91.733,0
91.767,0
91.8,0
91.833,0
91.867,0
91.9,0
91.933,0
91.967,0
92,0
92.033,0
92.067,0
92.1,0
92.133,0
92.167,0
92.2,0
92.233,0
92.267,0
92.3,0
92.333,0
92.367,0
92.4,0
92.433,0
92.467,0
92.5,0
92.533,0
92.567,0
92.6,0
92.633,0
92.667,0
92.7,0
92.733,0
92.767,0
92.8,0
92.833,0
92.867,0
92.9,0
92.933,0
92.967,0
93,0
93.033,0
93.067,0
93.1,0
93.133,0
93.167,0
93.2,0
93.233,0
93.267,0
93.3,0
93.333,0
93.367,0
93.4,0
93.433,0
93.467,0
93.5,0
93.533,0
93.567,0
93.6,0
93.633,0
93.667,0
93.7,0
93.733,0
93.767,0
93.8,0
93.833,0
93.867,0
93.9,0
93.933,0
93.967,0
94,0
94.033,0
94.067,0
94.1,0
94.133,0
94.167,0
94.2,0
94.233,0
94.267,0
94.3,0
94.333,0
94.367,0
94.4,0
94.433,0
94.467,0
94.5,0
94.533,0
94.567,0
94.6,0
94.633,0
94.667,0
94.7,0
94.733,0
94.767,0
94.8,0
94.833,0
94.867,0
94.9,0
94.933,0
94.967,0
95,0
95.033,0
95.067,0
95.1,0
95.133,0
95.167,0
95.2,0
95.233,0
95.267,0
95.3,0
95.333,0
95.367,0
95.4,0
95.433,0
95.467,0
95.5,0
95.533,0
109.43,2
109.47,2
109.5,2
109.53,2
109.57,2
109.6,2
109.63,2
109.67,2
109.7,2
109.73,2
109.77,2
109.8,2
109.83,2
109.87,2
109.9,2
109.93,2
109.97,2
110,2
110.03,2
110.07,2
110.1,2
110.13,2
110.17,2
110.2,2
110.23,2
110.27,2
110.3,2
110.33,2
110.37,2
110.4,2
110.43,2
110.47,2
110.5,2
110.53,2
110.57,2
110.6,2
110.63,2
110.67,2
110.7,2
110.73,2
110.77,2
110.8,2
110.83,2
110.87,2
110.9,2
110.93,2
110.97,2
111,2
111.03,2
111.07,2
111.1,2
111.13,2
111.17,2
111.2,2
111.23,2
111.27,2
111.3,2
111.33,2
111.37,2
111.4,2
111.43,2
111.47,2
111.5,2
111.53,2
111.57,2
111.6,2
111.63,2
111.67,2
111.7,2
111.73,2
111.77,2
111.8,2
111.83,2
111.87,2
111.9,2
111.93,2
111.97,2
112,2
112.03,2
112.07,2
112.1,2
112.13,2
112.17,2
112.2,0
112.23,0
112.27,0
112.3,0
112.33,0
112.37,0
112.4,0
112.43,0
112.47,0
112.5,0
112.53,0
112.57,0
112.6,0
112.63,0
112.67,0
112.7,0
112.73,0
112.77,0
112.8,0
112.83,0
112.87,0
112.9,0
112.93,0
112.97,0
113,0
113.03,0
113.07,0
113.1,0
113.13,0
113.17,0
113.2,0
113.23,0
113.27,0
113.3,0
113.33,0
113.37,0
113.4,0
113.43,0
113.47,0
113.5,0
113.53,0
113.57,0
113.6,0
113.63,0
113.67,0
113.7,0
113.73,0
113.77,0
113.8,0
113.83,0
113.87,0
113.9,0
113.93,0
113.97,0
114,0
114.03,0
114.07,0
114.1,0
114.13,0
114.17,0
114.2,0
114.23,0
114.27,0
114.3,0
114.33,0
114.37,0
114.4,0
114.43,0
114.47,0
114.5,0
114.53,0
114.57,0
114.6,0
114.63,0
114.67,0
114.7,0
114.73,0
114.77,0
114.8,0
114.83,0
114.87,0
114.9,0
114.93,0
114.97,0
115,0
115.03,0
115.07,0
115.1,0
115.13,0
115.17,0
115.2,0
115.23,0
115.27,0
115.3,0
115.33,0
115.37,0
115.4,0
115.43,0
115.47,0
115.5,0
115.53,0
115.57,0
115.6,0
115.63,0
115.67,0
115.7,0
115.73,0
115.77,0
115.8,0
115.83,0
115.87,0
115.9,0
115.93,0
115.97,0
116,0
116.03,0
116.07,0
116.1,0
116.13,0
116.17,0
116.2,0
116.23,0
116.27,0
116.3,0
116.33,0
116.37,0
116.4,0
116.43,0
116.47,0
116.5,0
116.53,0
116.57,0
116.6,0
116.63,0
116.67,0
116.7,0
116.73,0
116.77,0
116.8,0
116.83,0
116.87,0
116.9,0
116.93,0
116.97,0
117,0
117.03,0
117.07,0
117.1,0
117.13,0
117.17,0
117.2,0
117.23,0
117.27,0
117.3,0
117.33,0
117.37,0
117.4,0
117.43,0
117.47,0
117.5,0
117.53,0
117.57,0
117.6,0
117.63,0
117.67,0
117.7,0
117.73,0
117.77,0
117.8,0
117.83,0
117.87,0
117.9,0
117.93,0
117.97,0
118,0
118.03,0
118.07,0
118.1,0
118.13,0
118.17,0
118.2,0
118.23,0
118.27,0
118.3,0
118.33,0
118.37,0
118.4,0
118.43,0
118.47,0
118.5,0
118.53,0
118.57,0
118.6,0
118.63,0
118.67,0
118.7,0
118.73,0
118.77,0
118.8,0
118.83,0
118.87,0
118.9,0
118.93,0
118.97,0
119,0
119.03,0
119.07,0
119.1,0
119.13,0
119.17,0
119.2,0
119.23,0
119.27,0
119.3,0
119.33,0
119.37,0
119.4,0
119.43,0
119.47,0
119.5,0
119.53,0
119.57,0
119.6,0
119.63,0
119.67,0
119.7,0
119.73,0
119.77,0
119.8,0
119.83,0
119.87,0
119.9,0
119.93,0
119.97,0
120,0
120.03,0
120.07,0
120.1,0
120.13,0
120.17,0
120.2,0
120.23,0
120.27,0
120.3,0
120.33,0
120.37,0
120.4,0
120.43,0
120.47,0
120.5,0
120.53,0
120.57,0
120.6,0
120.63,0
120.67,0
120.7,0
120.73,0
120.77,0
120.8,0
120.83,0
120.87,0
120.9,0
120.93,0
120.97,0
121,0
121.03,0
121.07,0
121.1,0
121.13,0
121.17,0
121.2,0
121.23,0
121.27,0
121.3,0
121.33,0
121.37,0
121.4,0
121.43,0
121.47,0
121.5,0
121.53,0
121.57,0
121.6,0
121.63,0
121.67,0
121.7,0
121.73,0
121.77,0
121.8,0
121.83,0
121.87,0
121.9,0
121.93,0
121.97,0
122,0
122.03,0
122.07,0
122.1,0
122.13,0
122.17,0
122.2,0
122.23,0
122.27,0
122.3,1
122.33,1
122.37,1
122.4,1
122.43,1
122.47,1
122.5,1
122.53,1
122.57,1
122.6,1
122.63,1
122.67,1
122.7,1
122.73,1
122.77,1
122.8,1
122.83,1
122.87,1
122.9,1
122.93,1
122.97,1
123,1
123.03,1
123.07,1
123.1,1
123.13,1
123.17,1
123.2,1
123.23,1
123.27,1
123.3,1
123.33,1
123.37,1
123.4,1
123.43,1
123.47,1
123.5,1
123.53,1
123.57,1
123.6,1
123.63,1
123.67,1
123.7,1
123.73,0
123.77,0
123.8,0
123.83,0
123.87,0
123.9,0
123.93,0
123.97,0
124,0
124.03,0
124.07,0
124.1,0
124.13,3
124.17,3
124.2,3
124.23,3
124.27,3
124.3,3
124.33,3
124.37,3
124.4,3
124.43,3
124.47,3
124.5,3
124.53,3
124.57,3
124.6,3
124.63,3
124.67,3
124.7,3
124.73,3
124.77,3
124.8,3
124.83,3
124.87,3
124.9,3
124.93,0
124.97,0
125,0
125.03,0
125.07,0
125.1,0
125.13,0
125.17,0
125.2,0
125.23,0
125.27,0
125.3,0
125.33,0
125.37,1
125.4,1
125.43,1
125.47,1
125.5,1
125.53,1
125.57,1
125.6,1
125.63,1
125.67,1
125.7,1
125.73,1
125.77,1
125.8,1
125.83,1
125.87,1
125.9,1
125.93,1
125.97,1
126,1
126.03,1
126.07,1
126.1,1
126.13,1
126.17,1
126.2,1
126.23,1
126.27,1
126.3,1
126.33,1
126.37,1
126.4,1
126.43,1
126.47,1
126.5,1
126.53,1
126.57,1
126.6,1
126.63,1
126.67,1
126.7,1
126.73,1
126.77,1
126.8,1
126.83,1
126.87,1
126.9,1
126.93,1
126.97,1
127,1
127.03,1
127.07,1
127.1,1
127.13,1
127.17,1
127.2,1
127.23,1
127.27,1
127.3,1
127.33,1
127.37,1
127.4,1
127.43,1
127.47,1
127.5,1
127.53,1
127.57,1
127.6,1
127.63,1
127.67,1
127.7,1
127.73,1
127.77,1
127.8,1
127.83,1
127.87,1
127.9,1
127.93,1
127.97,1
128,1
128.03,1
128.07,1
128.1,1
128.13,1
128.17,1
128.2,1
128.23,1
128.27,1
128.3,1
128.33,1
128.37,1
128.4,1
128.43,1
128.47,1
128.5,1
128.53,1
128.57,1
128.6,1
128.63,1
128.67,1
128.7,1
128.73,1
128.77,1
128.8,1
128.83,1
128.87,1
128.9,1
128.93,1
128.97,1
129,1
129.03,1
129.07,1
129.1,1
129.13,1
129.17,1
129.2,1
129.23,1
129.27,1
129.3,1
129.33,1
129.37,1
129.4,1
129.43,1
129.47,1
129.5,1
129.53,1
129.57,1
129.6,1
129.63,1
129.67,1
129.7,1
129.73,1
129.77,1
129.8,1
129.83,1
129.87,1
129.9,1
129.93,1
129.97,1
130,1
130.03,1
130.07,1
130.1,1
130.13,1
130.17,1
130.2,1
130.23,1
130.27,1
130.3,1
130.33,1
130.37,1
130.4,1
130.43,1
130.47,1
130.5,1
130.53,1
130.57,1
130.6,1
130.63,1
130.67,1
130.7,1
130.73,1
130.77,1
130.8,1
130.83,1
130.87,1
130.9,1
130.93,1
130.97,1
131,1
131.03,1
131.07,1
131.1,1
131.13,1
131.17,1
131.2,1
131.23,1
131.27,1
131.3,1
131.33,1
131.37,1
131.4,1
131.43,1
131.47,1
131.5,1
131.53,1
131.57,1
131.6,1
131.63,1
131.67,1
131.7,1
131.73,1
131.77,1
131.8,1
131.83,1
131.87,1
131.9,1
131.93,1
131.97,1
132,1
132.03,1
132.07,1
132.1,1
132.13,1
132.17,1
132.2,1
132.23,1
132.27,1
132.3,1
132.33,1
132.37,1
132.4,1
132.43,1
132.47,1
132.5,1
132.53,1
132.57,1
132.6,1
132.63,1
132.67,1
132.7,1
132.73,1
132.77,1
132.8,1
132.83,1
132.87,1
132.9,1
132.93,1
132.97,1
133,1
133.03,1
133.07,1
133.1,1
133.13,1
133.17,1
133.2,1
133.23,1
133.27,1
133.3,1
133.33,1
133.37,1
133.4,1
133.43,1
133.47,1
133.5,1
133.53,1
133.57,1
133.6,1
133.63,1
133.67,1
133.7,1
133.73,1
133.77,1
133.8,1
133.83,1
133.87,1
133.9,1
133.93,1
133.97,1
134,1
134.03,1
134.07,1
134.1,1
134.13,1
134.17,1
134.2,1
134.23,1
134.27,1
134.3,1
134.33,1
134.37,1
134.4,1
134.43,1
134.47,1
134.5,1
134.53,1
134.57,1
134.6,1
134.63,1
134.67,1
134.7,1
134.73,1
134.77,1
134.8,1
134.83,1
134.87,1
134.9,1
134.93,1
134.97,1
135,1
135.03,1
135.07,1
135.1,1
135.13,1
135.17,1
135.2,1
135.23,1
135.27,1
135.3,1
135.33,1
135.37,1
135.4,1
135.43,1
135.47,1
135.5,1
135.53,1
135.57,1
135.6,1
135.63,1
135.67,1
135.7,1
135.73,1
135.77,1
135.8,1
135.83,1
135.87,1
135.9,1
135.93,1
135.97,1
136,1
136.03,1
136.07,1
136.1,1
136.13,1
136.17,1
136.2,1
136.23,1
136.27,1
136.3,1
136.33,1
136.37,1
136.4,1
136.43,1
136.47,1
136.5,1
136.53,1
136.57,1
136.6,1
136.63,1
136.67,1
136.7,1
136.73,1
136.77,1
136.8,1
136.83,1
136.87,1
136.9,1
136.93,1
136.97,1
137,1
137.03,1
137.07,1
137.1,1
137.13,1
137.17,1
137.2,1
137.23,1
137.27,1
137.3,1
137.33,1
137.37,1
137.4,1
137.43,1
137.47,1
137.5,1
137.53,1
137.57,1
137.6,1
137.63,1
137.67,1
137.7,1
137.73,1
137.77,0
137.8,0
137.83,0
137.87,0
137.9,0
137.93,0
137.97,0
138,0
138.03,0
138.07,0
138.1,0
138.13,0
138.17,0
138.2,0
138.23,0
138.27,0
138.3,0
138.33,0
138.37,0
138.4,0
138.43,0
138.47,0
138.5,0
138.53,0
138.57,0
138.6,0
138.63,0
138.67,0
138.7,0
138.73,0
138.77,0
138.8,0
138.83,0
138.87,0
138.9,0
138.93,0
138.97,0
139,0
139.03,0
139.07,0
139.1,0
139.13,0
139.17,0
139.2,0
139.23,0
139.27,0
139.3,0
139.33,0
139.37,0
139.4,0
139.43,0
139.47,1
139.5,1
139.53,1
139.57,1
139.6,1
139.63,1
139.67,1
139.7,1
139.73,1
139.77,1
139.8,1
139.83,1
139.87,1
139.9,1
139.93,1
139.97,1
140,1
140.03,1
140.07,1
140.1,1
140.13,1
140.17,1
140.2,1
140.23,1
140.27,1
140.3,1
140.33,1
140.37,1
140.4,1
140.43,1
140.47,1
140.5,1
140.53,1
140.57,0
140.6,0
140.63,0
140.67,0
140.7,0
140.73,0
140.77,0
140.8,0
140.83,0
140.87,0
140.9,0
140.93,0
140.97,0
141,0
141.03,0
141.07,0
141.1,0
141.13,0
141.17,0
141.2,0
141.23,0
141.27,0
141.3,0
141.33,0
141.37,0
141.4,0
141.43,0
141.47,0
141.5,0
141.53,0
141.57,0
141.6,0
141.63,0
141.67,0
141.7,0
141.73,0
141.77,0
141.8,0
141.83,0
141.87,0
141.9,0
141.93,0
141.97,0
142,0
142.03,0
142.07,1
142.1,1
142.13,1
142.17,1
142.2,1
142.23,1
142.27,1
142.3,1
142.33,1
142.37,1
142.4,1
142.43,1
142.47,1
142.5,1
142.53,1
142.57,1
142.6,1
142.63,1
142.67,1
142.7,1
142.73,1
142.77,1
142.8,1
142.83,1
142.87,1
142.9,1
142.93,1
142.97,1
143,1
143.03,1
143.07,1
143.1,1
143.13,1
143.17,1
143.2,1
143.23,1
143.27,1
143.3,1
143.33,1
143.37,1
143.4,0
143.43,0
143.47,0
143.5,0
143.53,0
143.57,0
143.6,0
143.63,0
143.67,0
143.7,0
143.73,0
143.77,0
143.8,0
143.83,0
143.87,0
143.9,0
143.93,0
143.97,0
144,0
144.03,0
144.07,0
144.1,0
144.13,0
144.17,0
144.2,0
144.23,0
144.27,0
144.3,0
144.33,0
144.37,0
144.4,0
144.43,0
144.47,0
144.5,0
144.53,0
144.57,0
144.6,0
144.63,0
144.67,0
144.7,0
144.73,0
144.77,0
144.8,0
144.83,0
144.87,0
144.9,0
144.93,0
144.97,0
145,0
145.03,0
145.07,0
145.1,0
145.13,0
145.17,0
145.2,0
145.23,0
145.27,0
145.3,0
145.33,0
145.37,0
145.4,0
145.43,0
145.47,0
145.5,0
145.53,0
145.57,0
145.6,0
145.63,0
145.67,0
145.7,0
145.73,0
145.77,0
145.8,0
145.83,0
145.87,0
145.9,0
145.93,0
145.97,0
146,0
146.03,0
146.07,0
146.1,0
146.13,0
146.17,0
146.2,0
146.23,0
146.27,0
146.3,0
146.33,0
146.37,0
146.4,0
146.43,0
146.47,0
146.5,0
146.53,0
146.57,0
146.6,0
146.63,0
146.67,0
146.7,0
146.73,0
146.77,0
146.8,0
146.83,0
146.87,0
146.9,0
146.93,0
146.97,0
147,0
147.03,0
147.07,0
147.1,0
147.13,0
147.17,0
147.2,0
147.23,0
147.27,0
147.3,0
147.33,0
147.37,0
147.4,0
147.43,0
147.47,0
147.5,0
147.53,0
147.57,0
147.6,0
147.63,0
147.67,0
147.7,0
147.73,0
147.77,0
147.8,0
147.83,0
147.87,0
147.9,1
147.93,1
147.97,1
148,1
148.03,1
148.07,1
148.1,1
148.13,1
148.17,1
148.2,1
148.23,1
148.27,1
148.3,1
148.33,1
148.37,1
148.4,1
148.43,1
148.47,1
148.5,1
148.53,1
148.57,1
148.6,1
148.63,1
148.67,1
148.7,1
148.73,1
148.77,1
148.8,1
148.83,1
148.87,1
148.9,1
148.93,1
148.97,1
149,1
149.03,1
149.07,1
149.1,1
149.13,1
149.17,1
149.2,1
149.23,1
149.27,1
149.3,1
149.33,1
149.37,1
149.4,1
149.43,1
149.47,1
149.5,1
149.53,1
149.57,1
149.6,1
149.63,1
149.67,1
149.7,1
149.73,1
149.77,1
149.8,1
149.83,1
149.87,1
149.9,1
149.93,1
149.97,1
150,1
150.03,1
150.07,1
150.1,1
150.13,1
150.17,1
150.2,1
150.23,1
150.27,1
150.3,1
150.33,1
150.37,1
150.4,1
150.43,1
150.47,1
150.5,1
150.53,1
150.57,1
150.6,1
150.63,1
150.67,1
150.7,1
150.73,0
150.77,0
150.8,0
150.83,0
150.87,0
150.9,0
150.93,0
150.97,0
151,0
151.03,0
151.07,0
151.1,0
151.13,0
151.17,3
151.2,3
151.23,3
151.27,3
151.3,3
151.33,3
151.37,3
151.4,3
151.43,3
151.47,3
151.5,3
151.53,3
151.57,3
151.6,3
151.63,3
151.67,3
151.7,3
151.73,3
151.77,3
151.8,3
151.83,3
151.87,3
151.9,3
151.93,3
151.97,3
152,3
152.03,3
152.07,3
152.1,3
152.13,3
152.17,3
152.2,3
152.23,3
152.27,3
152.3,3
152.33,3
152.37,3
152.4,3
152.43,3
152.47,3
152.5,3
152.53,3
152.57,3
152.6,3
152.63,3
152.67,3
152.7,3
152.73,3
152.77,3
152.8,3
152.83,3
152.87,3
152.9,3
152.93,3
152.97,3
153,3
153.03,3
153.07,3
153.1,3
153.13,3
153.17,3
153.2,3
153.23,3
153.27,3
153.3,3
153.33,3
153.37,3
153.4,3
153.43,3
153.47,3
153.5,3
153.53,3
153.57,3
153.6,0
153.63,0
153.67,0
153.7,0
153.73,0
153.77,0
153.8,0
153.83,0
153.87,0
153.9,0
153.93,0
153.97,0
154,0
154.03,0
154.07,0
154.1,0
154.13,0
154.17,0
154.2,0
154.23,0
154.27,0
154.3,0
154.33,0
154.37,0
154.4,0
154.43,0
154.47,0
154.5,0
154.53,0
154.57,0
154.6,0
154.63,0
154.67,0
154.7,0
154.73,0
154.77,0
154.8,0
154.83,0
154.87,0
154.9,0
154.93,0
154.97,0
155,0
155.03,0
155.07,0
155.1,0
155.13,0
155.17,0
155.2,0
155.23,0
155.27,0
155.3,0
155.33,0
155.37,0
155.4,0
155.43,0
155.47,0
155.5,0
155.53,0
155.57,0
155.6,0
155.63,0
155.67,0
155.7,0
155.73,0
155.77,0
155.8,0
155.83,0
155.87,0
155.9,0
155.93,0
155.97,0
156,0
156.03,0
156.07,0
156.1,0
156.13,0
156.17,0
156.2,0
156.23,0
156.27,0
156.3,0
156.33,0
156.37,0
156.4,0
156.43,0
156.47,0
156.5,0
156.53,0
156.57,0
156.6,0
156.63,0
156.67,0
156.7,0
156.73,0
156.77,0
156.8,0
156.83,0
156.87,0
156.9,0
156.93,0
156.97,3
157,3
157.03,3
157.07,3
157.1,3
157.13,3
157.17,3
157.2,3
157.23,3
157.27,3
157.3,3
157.33,3
157.37,3
157.4,3
157.43,3
157.47,3
157.5,3
157.53,3
157.57,3
157.6,3
157.63,3
157.67,3
157.7,3
157.73,3
157.77,3
157.8,3
157.83,3
157.87,3
157.9,3
157.93,3
157.97,3
158,3
158.03,3
158.07,3
158.1,3
158.13,3
158.17,3
158.2,3
158.23,3
158.27,3
158.3,3
158.33,3
158.37,3
158.4,3
158.43,3
158.47,3
158.5,3
158.53,3
158.57,3
158.6,3
158.63,3
158.67,3
158.7,3
158.73,3
158.77,3
158.8,3
158.83,3
158.87,3
158.9,3
158.93,3
158.97,3
159,3
159.03,3
159.07,3
159.1,3
159.13,3
159.17,3
159.2,3
159.23,3
159.27,3
159.3,3
159.33,3
159.37,3
159.4,3
159.43,3
159.47,3
159.5,0
159.53,0
159.57,0
159.6,0
159.63,0
159.67,0
159.7,0
159.73,0
159.77,0
159.8,0
159.83,0
159.87,0
159.9,0
159.93,0
159.97,0
160,0
160.03,0
160.07,0
160.1,0
160.13,0
160.17,0
160.2,0
160.23,0
160.27,0
160.3,0
160.33,0
160.37,0
160.4,0
160.43,0
160.47,0
160.5,0
160.53,0
160.57,0
160.6,0
160.63,0
160.67,0
160.7,0
160.73,0
160.77,0
160.8,0
160.83,0
160.87,0
160.9,0
160.93,0
160.97,0
161,0
161.03,0
161.07,0
161.1,0
161.13,0
161.17,0
161.2,0
161.23,0
161.27,0
161.3,0
161.33,0
161.37,0
161.4,3
161.43,3
161.47,3
161.5,3
161.53,3
161.57,3
161.6,3
161.63,3
161.67,3
161.7,3
161.73,3
161.77,0
161.8,0
161.83,0
161.87,0
161.9,0
161.93,0
161.97,0
162,0
162.03,0
162.07,0
162.1,0
162.13,0
162.17,0
162.2,0
162.23,0
162.27,0
162.3,0
162.33,0
162.37,0
162.4,0
162.43,0
162.47,0
162.5,0
162.53,0
162.57,0
162.6,0
162.63,0
162.67,0
162.7,0
162.73,0
162.77,0
162.8,0
162.83,0
162.87,0
162.9,0
162.93,0
162.97,0
163,3
163.03,3
163.07,3
163.1,3
163.13,3
163.17,3
163.2,3
163.23,3
163.27,3
163.3,3
163.33,3
163.37,3
163.4,3
163.43,3
163.47,3
163.5,3
163.53,3
163.57,3
163.6,3
163.63,3
163.67,3
163.7,3
163.73,3
163.77,3
163.8,3
163.83,3
163.87,3
163.9,3
163.93,3
163.97,3
164,3
164.03,3
164.07,3
164.1,3
164.13,3
164.17,3
164.2,3
164.23,3
164.27,3
164.3,3
164.33,3
164.37,3
164.4,3
164.43,3
164.47,3
164.5,3
164.53,3
164.57,3
164.6,3
164.63,3
164.67,3
164.7,3
164.73,3
164.77,3
164.8,3
164.83,3
164.87,3
164.9,3
164.93,3
164.97,3
165,3
165.03,3
165.07,3
165.1,3
165.13,3
165.17,3
165.2,3
165.23,3
165.27,3
165.3,3
165.33,3
165.37,3
165.4,3
165.43,3
165.47,3
165.5,3
165.53,3
165.57,3
165.6,3
165.63,3
165.67,3
165.7,3
165.73,3
165.77,3
165.8,3
165.83,3
165.87,3
165.9,3
165.93,3
165.97,3
166,3
166.03,3
166.07,3
166.1,3
166.13,3
166.17,3
166.2,3
166.23,3
166.27,3
166.3,3
166.33,3
166.37,3
166.4,3
166.43,3
166.47,3
166.5,3
166.53,3
166.57,3
166.6,3
166.63,3
166.67,3
166.7,3
166.73,3
166.77,3
166.8,3
166.83,3
166.87,3
166.9,3
166.93,3
166.97,3
167,3
167.03,3
167.07,3
167.1,3
167.13,3
167.17,3
167.2,3
167.23,3
167.27,3
167.3,3
167.33,3
167.37,3
167.4,3
167.43,3
167.47,3
167.5,3
167.53,3
167.57,3
167.6,3
167.63,3
167.67,3
167.7,3
167.73,3
167.77,3
167.8,3
167.83,3
167.87,3
167.9,3
167.93,3
167.97,3
168,3
168.03,3
168.07,3
168.1,3
168.13,3
168.17,3
168.2,3
168.23,3
168.27,3
168.3,3
168.33,3
168.37,3
168.4,3
168.43,3
168.47,3
168.5,3
168.53,3
168.57,3
168.6,3
187.17,3
187.2,3
187.23,3
187.27,3
187.3,3
187.33,3
187.37,3
187.4,3
187.43,3
187.47,3
187.5,3
187.53,3
187.57,3
187.6,3
187.63,3
187.67,3
187.7,3
187.73,3
187.77,3
187.8,3
187.83,3
187.87,3
187.9,3
187.93,3
187.97,3
188,3
188.03,3
188.07,3
188.1,3
188.13,3
188.17,3
188.2,3
188.23,3
188.27,3
188.3,3
188.33,3
188.37,3
188.4,3
188.43,3
188.47,3
188.5,3
188.53,3
188.57,3
188.6,3
188.63,3
188.67,3
188.7,3
188.73,3
188.77,3
188.8,3
188.83,3
188.87,3
188.9,3
188.93,3
188.97,3
189,3
189.03,3
189.07,3
189.1,3
189.13,0
189.17,0
189.2,0
189.23,0
189.27,0
189.3,0
189.33,0
189.37,0
189.4,0
189.43,0
189.47,0
189.5,0
189.53,0
189.57,0
189.6,0
189.63,0
189.67,0
189.7,0
189.73,0
189.77,0
189.8,0
189.83,0
189.87,0
189.9,0
189.93,0
189.97,0
190,0
190.03,0
190.07,0
190.1,0
190.13,0
190.17,0
190.2,0
190.23,0
190.27,0
190.3,0
190.33,0
190.37,0
190.4,0
190.43,0
190.47,0
190.5,0
190.53,0
190.57,0
190.6,0
190.63,0
190.67,0
190.7,0
190.73,0
190.77,0
190.8,0
190.83,0
190.87,0
190.9,0
190.93,0
190.97,0
191,0
191.03,0
191.07,0
191.1,0
191.13,0
191.17,0
191.2,0
191.23,0
191.27,0
191.3,0
191.33,0
191.37,0
191.4,0
191.43,0
191.47,0
191.5,0
191.53,0
191.57,0
191.6,0
191.63,0
191.67,0
191.7,0
191.73,0
191.77,0
191.8,0
191.83,0
191.87,0
191.9,0
191.93,0
191.97,0
192,0
192.03,0
192.07,0
192.1,0
192.13,0
192.17,0
192.2,0
192.23,0
192.27,0
192.3,0
192.33,0
192.37,0
192.4,0
192.43,0
192.47,0
192.5,0
192.53,0
192.57,0
192.6,0
192.63,0
192.67,0
192.7,0
192.73,0
192.77,0
192.8,0
192.83,0
192.87,0
192.9,0
192.93,0
192.97,0
193,0
193.03,0
193.07,0
193.1,0
193.13,0
193.17,0
193.2,0
193.23,0
193.27,0
193.3,0
193.33,0
193.37,0
193.4,0
193.43,0
193.47,0
193.5,0
193.53,0
193.57,0
193.6,0
193.63,0
193.67,0
193.7,0
193.73,0
193.77,0
193.8,0
193.83,0
193.87,0
193.9,0
193.93,0
193.97,0
194,0
194.03,0
194.07,0
194.1,0
194.13,0
194.17,0
194.2,0
194.23,0
194.27,0
194.3,0
194.33,0
194.37,0
194.4,0
194.43,0
194.47,0
194.5,0
194.53,0
194.57,0
194.6,0
194.63,0
194.67,0
194.7,0
194.73,0
194.77,0
194.8,0
194.83,0
194.87,0
194.9,0
194.93,0
194.97,0
195,0
195.03,0
195.07,0
195.1,0
195.13,0
195.17,0
195.2,0
195.23,0
195.27,0
195.3,0
195.33,0
195.37,0
195.4,0
195.43,0
195.47,0
195.5,0
195.53,0
195.57,0
195.6,0
195.63,0
195.67,0
195.7,0
195.73,0
195.77,0
195.8,0
195.83,0
195.87,0
195.9,0
195.93,0
195.97,0
196,0
196.03,0
196.07,0
196.1,0
196.13,0
196.17,0
196.2,0
196.23,0
196.27,0
196.3,0
196.33,0
196.37,0
196.4,0
196.43,0
196.47,0
196.5,0
196.53,0
196.57,0
196.6,0
196.63,0
196.67,0
196.7,0
196.73,0
196.77,0
196.8,0
196.83,0
196.87,0
196.9,0
196.93,0
196.97,0
197,0
197.03,0
197.07,0
197.1,0
197.13,0
197.17,0
197.2,0
197.23,0
197.27,0
197.3,0
197.33,0
197.37,0
197.4,0
197.43,0
197.47,0
197.5,0
197.53,0
197.57,0
197.6,0
197.63,0
197.67,0
197.7,0
197.73,0
197.77,0
197.8,0
197.83,0
197.87,0
197.9,0
197.93,0
197.97,0
198,0
198.03,0
198.07,0
198.1,0
198.13,0
198.17,0
198.2,0
198.23,0
198.27,0
198.3,0
198.33,0
198.37,0
198.4,0
198.43,0
198.47,0
198.5,0
198.53,0
198.57,0
198.6,0
198.63,0
198.67,0
198.7,0
198.73,0
198.77,0
198.8,0
198.83,0
198.87,0
198.9,0
198.93,0
198.97,0
199,0
199.03,0
199.07,0
199.1,0
199.13,0
199.17,0
199.2,0
199.23,0
199.27,0
199.3,0
199.33,0
199.37,0
199.4,0
199.43,0
199.47,0
199.5,0
199.53,0
199.57,0
199.6,0
199.63,0
199.67,0
199.7,0
199.73,0
199.77,0
199.8,0
199.83,0
199.87,0
199.9,0
199.93,0
199.97,0
200,0
200.03,0
200.07,0
200.1,0
200.13,0
200.17,0
200.2,0
200.23,0
200.27,0
200.3,0
200.33,0
200.37,0
200.4,0
200.43,0
200.47,0
200.5,0
200.53,0
200.57,0
200.6,0
200.63,0
200.67,0
200.7,0
200.73,0
200.77,0
200.8,0
200.83,0
200.87,0
200.9,0
200.93,0
200.97,0
201,0
201.03,0
201.07,0
201.1,0
201.13,0
201.17,0
201.2,0
201.23,0
201.27,0
201.3,0
201.33,0
201.37,0
201.4,0
201.43,0
201.47,0
201.5,0
201.53,0
201.57,0
201.6,0
201.63,0
201.67,0
201.7,0
201.73,0
201.77,0
201.8,0
201.83,0
201.87,0
201.9,0
201.93,0
201.97,0
202,0
202.03,0
202.07,0
202.1,0
202.13,0
202.17,0
202.2,0
202.23,0
202.27,0
202.3,3
202.33,3
202.37,3
202.4,3
202.43,3
202.47,3
202.5,3
202.53,3
202.57,3
202.6,3
202.63,3
202.67,3
202.7,3
202.73,3
202.77,3
202.8,3
202.83,3
202.87,3
202.9,3
202.93,3
202.97,3
203,3
203.03,3
203.07,3
203.1,3
203.13,3
203.17,3
203.2,3
203.23,3
203.27,3
203.3,3
203.33,3
203.37,3
203.4,3
203.43,3
203.47,3
203.5,3
203.53,3
203.57,3
203.6,3
203.63,3
203.67,3
203.7,3
203.73,3
203.77,3
203.8,3
203.83,3
203.87,3
203.9,3
203.93,3
203.97,3
204,3
204.03,3
204.07,3
204.1,3
204.13,3
204.17,3
204.2,3
204.23,3
204.27,3
204.3,3
204.33,3
204.37,3
204.4,3
204.43,3
204.47,3
204.5,3
204.53,3
204.57,3
204.6,3
204.63,3
204.67,3
204.7,3
204.73,3
204.77,3
204.8,3
204.83,3
204.87,3
204.9,3
204.93,3
204.97,3
205,3
205.03,3
205.07,3
205.1,3
205.13,3
205.17,3
205.2,3
205.23,3
205.27,3
205.3,3
205.33,3
205.37,3
205.4,3
205.43,3
205.47,3
205.5,3
205.53,3
205.57,3
205.6,3
205.63,3
205.67,3
205.7,3
205.73,3
205.77,3
205.8,3
205.83,3
205.87,3
205.9,3
205.93,3
205.97,3
206,3
206.03,3
206.07,3
206.1,3
206.13,3
206.17,3
206.2,3
206.23,3
206.27,3
206.3,3
206.33,3
206.37,3
206.4,3
206.43,3
206.47,3
206.5,3
206.53,3
206.57,3
206.6,3
206.63,3
206.67,3
206.7,3
206.73,3
206.77,3
206.8,3
206.83,3
206.87,3
206.9,3
206.93,3
206.97,3
207,3
207.03,3
207.07,3
207.1,3
207.13,3
207.17,3
207.2,3
207.23,3
207.27,3
207.3,3
207.33,3
207.37,3
207.4,3
207.43,3
207.47,3
207.5,3
207.53,3
207.57,3
207.6,3
207.63,3
207.67,3
207.7,3
207.73,3
207.77,3
207.8,3
207.83,3
207.87,0
207.9,0
207.93,0
207.97,0
208,0
208.03,0
208.07,0
208.1,0
208.13,0
208.17,0
208.2,0
208.23,0
208.27,0
208.3,0
208.33,0
208.37,0
208.4,0
208.43,0
208.47,0
208.5,0
208.53,0
208.57,0
208.6,0
208.63,0
208.67,0
208.7,0
208.73,0
208.77,0
208.8,0
208.83,0
208.87,0
208.9,0
208.93,0
208.97,0
209,0
209.03,0
209.07,0
209.1,0
209.13,0
209.17,0
209.2,0
209.23,0
209.27,0
209.3,0
209.33,0
209.37,0
209.4,0
209.43,0
209.47,0
209.5,0
209.53,0
209.57,0
209.6,0
209.63,0
209.67,0
209.7,0
209.73,0
209.77,0
209.8,0
209.83,0
209.87,0
209.9,0
209.93,0
209.97,0
210,0
210.03,0
210.07,0
210.1,0
210.13,0
210.17,0
210.2,0
210.23,0
210.27,0
210.3,0
210.33,0
210.37,0
210.4,0
210.43,0
210.47,0
210.5,0
210.53,0
210.57,0
210.6,0
210.63,0
210.67,0
210.7,0
210.73,0
210.77,0
210.8,0
210.83,0
210.87,0
210.9,0
210.93,0
210.97,0
211,0
211.03,0
211.07,0
211.1,0
211.13,0
211.17,0
211.2,0
211.23,0
211.27,0
211.3,0
211.33,0
211.37,0
211.4,0
211.43,0
211.47,0
211.5,0
211.53,0
211.57,0
211.6,0
211.63,0
211.67,0
211.7,0
211.73,0
211.77,0
211.8,0
211.83,0
211.87,0
211.9,0
211.93,0
211.97,0
212,0
212.03,0
212.07,0
212.1,0
212.13,0
212.17,0
212.2,0
212.23,0
212.27,0
212.3,0
212.33,0
212.37,0
212.4,0
212.43,0
212.47,0
212.5,0
212.53,0
212.57,0
212.6,0
212.63,0
212.67,0
212.7,0
212.73,0
212.77,0
212.8,0
212.83,0
212.87,0
212.9,0
212.93,0
212.97,0
213,0
213.03,0
213.07,0
213.1,0
213.13,0
213.17,0
213.2,0
213.23,0
213.27,0
213.3,0
213.33,0
213.37,0
213.4,0
213.43,0
213.47,0
213.5,0
213.53,0
213.57,0
213.6,0
213.63,0
213.67,0
213.7,0
213.73,0
213.77,0
213.8,0
213.83,0
213.87,0
213.9,0
213.93,0
213.97,0
214,0
214.03,0
214.07,0
214.1,0
214.13,0
214.17,0
214.2,0
214.23,0
214.27,0
214.3,0
214.33,0
214.37,0
214.4,0
214.43,0
214.47,0
214.5,0
214.53,0
214.57,0
214.6,0
214.63,0
214.67,0
214.7,0
214.73,0
214.77,0
214.8,0
214.83,0
214.87,0
214.9,0
214.93,0
214.97,0
215,0
215.03,0
215.07,0
215.1,0
215.13,0
215.17,0
215.2,0
215.23,0
215.27,0
215.3,0
215.33,0
215.37,0
215.4,0
215.43,0
215.47,0
215.5,0
215.53,0
215.57,0
215.6,0
215.63,0
215.67,0
215.7,0
215.73,0
215.77,0
215.8,0
215.83,0
215.87,0
215.9,0
215.93,0
215.97,0
216,0
216.03,0
216.07,0
216.1,0
216.13,0
216.17,0
216.2,0
216.23,0
216.27,0
216.3,0
216.33,0
216.37,0
216.4,0
216.43,0
216.47,0
216.5,0
216.53,0
216.57,0
216.6,0
216.63,0
216.67,0
216.7,0
216.73,0
216.77,0
216.8,0
216.83,0
216.87,0
216.9,0
216.93,0
216.97,0
217,0
217.03,0
217.07,0
217.1,0
217.13,0
217.17,0
217.2,0
217.23,0
217.27,0
217.3,0
217.33,0
217.37,0
217.4,0
217.43,0
217.47,0
217.5,0
217.53,0
217.57,0
217.6,0
217.63,0
217.67,0
217.7,0
217.73,0
217.77,0
217.8,0
217.83,0
217.87,0
217.9,0
217.93,0
217.97,0
218,0
218.03,0
218.07,0
218.1,0
218.13,0
218.17,0
218.2,0
218.23,0
218.27,0
218.3,0
218.33,0
218.37,0
218.4,0
218.43,0
218.47,0
218.5,0
218.53,0
218.57,0
218.6,0
218.63,0
218.67,0
218.7,0
218.73,0
218.77,0
218.8,0
218.83,0
218.87,0
218.9,0
218.93,0
218.97,0
219,0
219.03,0
219.07,0
219.1,0
219.13,0
219.17,0
219.2,0
219.23,0
219.27,0
219.3,0
219.33,0
219.37,0
219.4,0
219.43,0
219.47,0
219.5,0
219.53,0
219.57,0
219.6,0
219.63,0
219.67,0
219.7,0
219.73,0
219.77,0
219.8,0
219.83,0
219.87,0
219.9,0
219.93,0
219.97,0
220,0
220.03,0
220.07,0
220.1,0
220.13,0
220.17,0
220.2,0
220.23,0
220.27,0
220.3,0
220.33,0
220.37,0
220.4,0
220.43,0
220.47,0
220.5,0
220.53,0
220.57,0
220.6,0
220.63,0
220.67,0
220.7,0
220.73,0
220.77,0
220.8,0
220.83,0
220.87,0
220.9,0
220.93,0
220.97,0
221,0
221.03,0
221.07,0
221.1,0
221.13,0
221.17,0
221.2,0
221.23,0
221.27,0
221.3,0
221.33,0
221.37,0
221.4,0
221.43,0
221.47,0
221.5,0
221.53,0
221.57,0
221.6,0
221.63,0
221.67,0
221.7,0
221.73,0
221.77,0
221.8,0
221.83,0
221.87,0
221.9,0
221.93,0
221.97,0
222,0
222.03,0
222.07,0
222.1,0
222.13,0
222.17,0
222.2,0
222.23,0
222.27,0
222.3,0
222.33,0
222.37,0
222.4,0
222.43,0
222.47,0
222.5,0
222.53,0
222.57,0
222.6,0
222.63,0
222.67,0
222.7,0
222.73,0
222.77,0
222.8,0
222.83,0
222.87,0
222.9,0
222.93,0
222.97,0
223,0
223.03,0
223.07,0
223.1,0
223.13,0
223.17,0
223.2,0
223.23,0
223.27,0
223.3,0
223.33,0
223.37,0
223.4,0
223.43,0
223.47,0
223.5,0
223.53,0
223.57,0
223.6,0
223.63,0
223.67,0
223.7,0
223.73,0
223.77,0
223.8,0
223.83,0
223.87,0
223.9,0
223.93,0
223.97,0
224,0
224.03,0
224.07,0
224.1,0
224.13,0
224.17,0
224.2,0
224.23,0
224.27,0
224.3,0
224.33,0
224.37,0
224.4,0
224.43,0
224.47,0
224.5,0
224.53,0
224.57,0
224.6,0
224.63,0
224.67,0
224.7,0
224.73,0
224.77,0
224.8,0
224.83,0
224.87,0
224.9,0
224.93,0
224.97,0
225,0
225.03,0
225.07,0
225.1,0
225.13,0
225.17,0
225.2,0
225.23,0
225.27,0
225.3,0
225.33,0
225.37,0
225.4,0
225.43,0
225.47,0
225.5,0
225.53,0
225.57,0
225.6,0
225.63,0
225.67,0
225.7,0
225.73,0
225.77,0
225.8,0
225.83,0
225.87,0
225.9,0
225.93,0
225.97,0
226,0
226.03,0
226.07,0
226.1,0
226.13,0
226.17,0
226.2,0
226.23,0
226.27,0
226.3,0
226.33,0
226.37,0
226.4,0
226.43,0
226.47,0
226.5,0
226.53,0
226.57,0
226.6,0
226.63,0
226.67,0
226.7,0
226.73,0
226.77,0
226.8,0
226.83,0
226.87,0
226.9,0
226.93,0
226.97,0
227,0
227.03,2
227.07,2
227.1,2
227.13,2
227.17,2
227.2,2
227.23,2
227.27,2
227.3,2
227.33,2
227.37,2
227.4,2
227.43,2
227.47,2
227.5,2
227.53,2
227.57,2
227.6,2
227.63,2
227.67,2
227.7,2
227.73,2
227.77,2
227.8,2
227.83,2
227.87,2
227.9,2
227.93,2
227.97,2
228,2
228.03,2
228.07,2
228.1,2
228.13,2
228.17,2
228.2,2
228.23,2
228.27,2
228.3,2
228.33,2
228.37,2
228.4,2
228.43,2
228.47,2
228.5,2
228.53,2
228.57,2
228.6,2
228.63,2
228.67,2
228.7,2
228.73,2
228.77,2
228.8,2
228.83,2
228.87,2
228.9,2
228.93,2
228.97,2
229,2
229.03,2
229.07,2
229.1,2
229.13,2
229.17,2
229.2,2
229.23,2
229.27,2
229.3,2
229.33,2
229.37,2
229.4,2
229.43,2
229.47,2
229.5,2
229.53,2
229.57,2
229.6,2
229.63,2
229.67,2
229.7,2
229.73,2
229.77,2
229.8,2
229.83,2
229.87,2
229.9,2
229.93,2
229.97,2
230,2
230.03,2
230.07,2
230.1,2
230.13,2
230.17,2
230.2,2
230.23,2
230.27,2
230.3,2
230.33,2
230.37,2
230.4,2
230.43,2
230.47,2
230.5,2
230.53,2
230.57,2
230.6,2
230.63,2
230.67,2
230.7,2
230.73,2
230.77,2
230.8,2
230.83,2
230.87,2
230.9,2
230.93,2
230.97,2
231,2
231.03,2
231.07,2
231.1,2
231.13,2
231.17,2
231.2,2
231.23,2
231.27,2
231.3,2
231.33,2
231.37,2
231.4,2
231.43,2
231.47,2
231.5,2
231.53,2
231.57,2
231.6,2
231.63,2
231.67,2
231.7,2
231.73,2
231.77,2
231.8,2
231.83,2
231.87,2
231.9,2
231.93,2
231.97,2
232,2
232.03,2
232.07,2
232.1,2
232.13,2
232.17,2
232.2,2
232.23,2
232.27,2
232.3,2
232.33,2
232.37,2
232.4,2
232.43,2
232.47,2
232.5,2
232.53,2
232.57,2
232.6,2
232.63,2
232.67,2
232.7,2
232.73,2
232.77,2
232.8,2
232.83,2
232.87,2
232.9,2
232.93,2
232.97,2
233,2
233.03,2
233.07,2
233.1,2
233.13,2
233.17,2
233.2,2
233.23,2
233.27,2
233.3,2
233.33,2
233.37,2
233.4,2
233.43,2
233.47,2
233.5,2
233.53,2
233.57,2
233.6,2
233.63,2
233.67,2
233.7,2
233.73,2
233.77,2
233.8,2
233.83,2
233.87,2
233.9,2
233.93,2
233.97,2
234,2
234.03,2
234.07,2
234.1,2
234.13,2
234.17,2
234.2,2
234.23,2
234.27,2
234.3,2
234.33,2
234.37,2
234.4,2
234.43,2
234.47,2
234.5,2
234.53,2
234.57,2
234.6,2
234.63,2
234.67,2
234.7,2
234.73,2
234.77,2
234.8,2
234.83,2
234.87,2
234.9,2
234.93,2
234.97,2
235,2
235.03,2
235.07,2
235.1,2
235.13,2
235.17,2
235.2,2
235.23,2
235.27,2
235.3,2
235.33,2
235.37,2
235.4,2
235.43,2
235.47,2
235.5,2
235.53,2
235.57,2
235.6,2
235.63,2
235.67,2
235.7,2
235.73,2
235.77,2
235.8,2
235.83,2
235.87,2
235.9,2
235.93,2
235.97,2
236,2
236.03,2
236.07,2
236.1,2
236.13,2
236.17,2
236.2,2
236.23,2
236.27,2
236.3,2
236.33,2
236.37,2
236.4,2
236.43,2
236.47,2
236.5,2
236.53,2
236.57,2
236.6,2
236.63,2
236.67,2
236.7,2
236.73,2
236.77,2
236.8,2
236.83,2
236.87,2
236.9,2
236.93,2
236.97,2
237,2
237.03,2
237.07,2
237.1,2
237.13,2
237.17,2
237.2,2
237.23,2
237.27,2
237.3,2
237.33,2
237.37,2
237.4,2
237.43,2
237.47,2
237.5,2
237.53,2
237.57,2
237.6,2
237.63,2
237.67,2
237.7,2
237.73,2
237.77,2
237.8,2
237.83,2
237.87,2
237.9,2
237.93,2
237.97,2
238,0
238.03,0
238.07,0
238.1,0
238.13,0
238.17,0
238.2,0
238.23,0
238.27,0
238.3,0
238.33,0
238.37,0
238.4,0
238.43,0
238.47,0
238.5,0
238.53,0
238.57,0
238.6,0
238.63,0
238.67,0
238.7,0
238.73,0
238.77,0
238.8,0
238.83,2
238.87,2
238.9,2
238.93,2
238.97,2
239,2
239.03,2
239.07,0
239.1,0
239.13,0
239.17,0
239.2,0
239.23,0
239.27,0
239.3,0
239.33,0
239.37,0
239.4,0
239.43,0
239.47,0
239.5,0
239.53,0
239.57,0
239.6,0
239.63,0
239.67,0
239.7,0
239.73,0
239.77,0
239.8,0
239.83,0
239.87,2
239.9,2
239.93,2
239.97,2
240,2
240.03,2
240.07,2
240.1,2
240.13,2
240.17,2
240.2,2
240.23,2
240.27,2
240.3,2
240.33,2
240.37,2
240.4,2
240.43,2
240.47,2
240.5,2
240.53,2
240.57,2
240.6,2
240.63,2
240.67,2
240.7,2
240.73,2
240.77,2
240.8,2
240.83,2
240.87,2
240.9,2
240.93,2
240.97,2
241,2
241.03,2
241.07,2
241.1,2
241.13,2
241.17,2
241.2,2
241.23,2
241.27,2
241.3,2
241.33,2
241.37,2
241.4,2
241.43,2
241.47,2
241.5,2
241.53,2
241.57,2
241.6,2
241.63,2
241.67,2
241.7,2
241.73,2
241.77,2
241.8,2
241.83,2
241.87,2
241.9,2
241.93,2
241.97,2
242,2
242.03,2
242.07,2
242.1,2
242.13,2
242.17,2
242.2,2
242.23,2
242.27,2
242.3,2
242.33,2
242.37,2
242.4,2
242.43,2
242.47,2
242.5,2
242.53,2
242.57,2
242.6,2
242.63,2
242.67,2
242.7,2
242.73,2
242.77,2
242.8,2
242.83,2
242.87,2
242.9,2
242.93,2
242.97,2
243,2
243.03,2
243.07,2
243.1,2
243.13,2
243.17,2
243.2,2
243.23,0
243.27,0
243.3,0
243.33,0
243.37,0
243.4,0
243.43,0
243.47,0
243.5,0
243.53,0
243.57,0
243.6,0
243.63,0
243.67,0
243.7,0
243.73,0
243.77,0
243.8,0
243.83,0
243.87,0
243.9,0
243.93,0
243.97,0
244,0
244.03,0
244.07,0
244.1,0
244.13,0
244.17,0
244.2,0
244.23,0
244.27,0
244.3,0
244.33,0
244.37,0
244.4,0
244.43,0
244.47,0
244.5,0
244.53,0
244.57,0
244.6,0
244.63,0
244.67,0
244.7,0
244.73,0
244.77,0
244.8,0
244.83,0
244.87,0
244.9,0
244.93,0
244.97,0
245,0
245.03,0
245.07,0
245.1,0
245.13,0
245.17,0
245.2,0
245.23,0
245.27,0
245.3,0
245.33,0
245.37,0
245.4,0
245.43,0
245.47,0
245.5,0
245.53,0
245.57,0
245.6,0
245.63,0
245.67,0
245.7,0
245.73,0
245.77,0
245.8,0
245.83,0
245.87,0
245.9,0
245.93,0
245.97,0
246,0
246.03,0
246.07,0
246.1,0
246.13,0
246.17,0
246.2,0
246.23,0
246.27,0
246.3,0
246.33,0
246.37,0
246.4,0
246.43,0
246.47,0
246.5,0
246.53,0
246.57,0
246.6,0
246.63,0
246.67,0
246.7,0
246.73,0
246.77,0
246.8,0
246.83,0
246.87,0
246.9,0
246.93,0
246.97,0
247,0
247.03,0
247.07,0
247.1,0
247.13,0
247.17,0
247.2,0
247.23,0
247.27,0
247.3,0
247.33,0
247.37,0
247.4,0
247.43,0
247.47,0
247.5,0
247.53,0
247.57,0
247.6,0
247.63,0
247.67,0
247.7,0
247.73,0
247.77,0
247.8,0
247.83,0
247.87,0
247.9,2
247.93,2
247.97,2
248,2
248.03,2
248.07,2
248.1,2
248.13,2
248.17,2
248.2,2
248.23,2
248.27,2
248.3,2
248.33,2
248.37,2
248.4,2
248.43,2
248.47,2
248.5,2
248.53,2
248.57,2
248.6,0
248.63,0
248.67,0
248.7,0
248.73,0
248.77,0
248.8,0
248.83,0
248.87,0
248.9,0
248.93,0
248.97,3
249,3
249.03,3
249.07,3
249.1,3
249.13,3
249.17,3
249.2,3
249.23,3
249.27,3
249.3,3
249.33,3
249.37,3
249.4,3
249.43,3
249.47,3
249.5,3
249.53,3
249.57,3
249.6,3
249.63,3
249.67,3
249.7,3
249.73,3
249.77,3
249.8,3
249.83,3
249.87,3
249.9,3
249.93,3
249.97,3
250,3
250.03,3
250.07,3
250.1,3
250.13,3
250.17,3
250.2,3
250.23,3
250.27,3
250.3,3
250.33,3
250.37,3
250.4,3
250.43,3
250.47,3
250.5,3
250.53,3
250.57,3
250.6,3
250.63,3
250.67,3
250.7,3
250.73,3
250.77,3
250.8,3
250.83,3
250.87,3
250.9,3
250.93,3
250.97,3
251,3
251.03,3
251.07,3
251.1,3
251.13,3
251.17,3
251.2,3
251.23,3
251.27,3
266.5,1
266.53,1
266.57,1
266.6,1
266.63,1
266.67,1
266.7,1
266.73,1
266.77,1
266.8,1
266.83,1
266.87,1
266.9,1
266.93,1
266.97,1
267,1
267.03,1
267.07,1
267.1,1
267.13,1
267.17,1
267.2,1
267.23,1
267.27,1
267.3,1
267.33,1
267.37,1
267.4,1
267.43,1
267.47,1
267.5,1
267.53,1
267.57,1
267.6,1
267.63,1
267.67,1
267.7,1
267.73,1
267.77,1
267.8,1
267.83,1
267.87,1
267.9,1
267.93,1
267.97,1
268,1
268.03,1
268.07,1
268.1,1
268.13,1
268.17,1
268.2,1
268.23,1
268.27,1
268.3,1
268.33,1
268.37,1
268.4,1
268.43,1
268.47,1
268.5,1
268.53,1
268.57,1
268.6,1
268.63,1
268.67,1
268.7,1
268.73,1
268.77,1
268.8,1
268.83,1
268.87,1
268.9,1
268.93,1
268.97,1
269,1
269.03,1
269.07,1
269.1,1
269.13,1
269.17,1
269.2,1
269.23,1
269.27,1
269.3,1
269.33,1
269.37,1
269.4,1
269.43,1
269.47,1
269.5,1
269.53,1
269.57,1
269.6,1
269.63,1
269.67,1
269.7,1
269.73,1
269.77,1
269.8,1
269.83,1
269.87,1
269.9,1
269.93,1
269.97,1
270,1
270.03,1
270.07,1
270.1,1
270.13,1
270.17,1
270.2,1
270.23,1
270.27,1
270.3,1
270.33,1
270.37,1
270.4,1
270.43,1
270.47,1
270.5,1
270.53,1
270.57,1
270.6,1
270.63,1
270.67,1
270.7,1
270.73,1
270.77,1
270.8,1
270.83,1
270.87,1
270.9,1
270.93,1
270.97,1
271,1
271.03,1
271.07,1
271.1,1
271.13,1
271.17,1
271.2,1
271.23,1
271.27,1
271.3,1
271.33,1
271.37,1
271.4,1
271.43,1
271.47,1
271.5,1
271.53,1
271.57,1
271.6,1
271.63,1
271.67,1
271.7,1
271.73,1
271.77,1
271.8,1
271.83,1
271.87,1
271.9,1
271.93,1
271.97,1
272,1
272.03,1
272.07,1
272.1,1
272.13,0
272.17,0
272.2,0
272.23,0
272.27,0
272.3,0
272.33,0
272.37,0
272.4,0
272.43,0
272.47,0
272.5,0
272.53,0
272.57,0
272.6,0
272.63,0
272.67,0
272.7,0
272.73,0
272.77,0
272.8,0
272.83,0
272.87,0
272.9,0
272.93,0
272.97,0
273,0
273.03,3
273.07,3
273.1,3
273.13,3
273.17,3
273.2,3
273.23,3
273.27,3
273.3,3
273.33,3
273.37,3
273.4,3
273.43,3
273.47,3
273.5,3
273.53,3
273.57,3
273.6,3
273.63,3
273.67,3
273.7,3
273.73,3
273.77,3
273.8,3
273.83,3
273.87,3
273.9,3
273.93,3
273.97,3
274,3
274.03,3
274.07,3
274.1,3
274.13,3
274.17,3
274.2,3
274.23,3
274.27,3
274.3,3
274.33,3
274.37,3
274.4,3
274.43,3
274.47,3
274.5,3
274.53,3
274.57,3
274.6,3
274.63,3
274.67,3
274.7,3
274.73,3
274.77,3
274.8,3
274.83,3
274.87,3
274.9,3
274.93,3
274.97,3
275,3
275.03,3
275.07,3
275.1,3
275.13,3
275.17,3
275.2,3
275.23,3
275.27,3
275.3,3
275.33,3
275.37,3
275.4,3
275.43,3
275.47,3
275.5,3
275.53,3
275.57,3
275.6,3
275.63,3
275.67,3
275.7,3
275.73,3
275.77,3
275.8,3
275.83,3
275.87,3
275.9,3
275.93,3
275.97,3
276,3
276.03,3
276.07,3
276.1,3
276.13,3
276.17,3
276.2,3
276.23,3
276.27,3
276.3,3
276.33,3
276.37,3
276.4,3
276.43,3
276.47,3
276.5,3
276.53,3
276.57,3
276.6,3
276.63,3
276.67,3
276.7,3
276.73,3
276.77,3
276.8,3
276.83,3
276.87,3
276.9,3
276.93,3
276.97,3
277,3
277.03,3
277.07,3
277.1,3
277.13,3
277.17,3
277.2,3
277.23,3
277.27,3
277.3,3
277.33,3
277.37,3
277.4,3
277.43,3
277.47,3
277.5,3
277.53,3
277.57,3
277.6,3
277.63,3
277.67,3
277.7,3
277.73,3
277.77,0
277.8,0
277.83,0
277.87,0
277.9,0
277.93,0
277.97,0
278,0
278.03,0
278.07,0
278.1,0
278.13,0
278.17,0
278.2,0
278.23,0
278.27,0
278.3,0
278.33,0
278.37,0
278.4,0
278.43,0
278.47,0
278.5,0
278.53,0
278.57,1
278.6,1
278.63,1
278.67,1
278.7,1
278.73,1
278.77,1
278.8,1
278.83,1
278.87,1
278.9,1
278.93,1
278.97,1
279,1
279.03,1
279.07,1
279.1,1
279.13,1
279.17,1
279.2,1
279.23,1
279.27,1
279.3,1
279.33,1
279.37,1
279.4,1
279.43,1
279.47,1
279.5,1
279.53,1
279.57,1
279.6,1
279.63,1
279.67,1
279.7,1
279.73,1
279.77,1
279.8,1
279.83,1
279.87,1
279.9,1
279.93,1
279.97,1
280,1
280.03,1
280.07,1
280.1,1
280.13,1
280.17,1
280.2,1
280.23,1
280.27,1
280.3,1
280.33,1
280.37,1
280.4,1
280.43,1
280.47,1
280.5,1
280.53,1
280.57,1
280.6,1
280.63,1
280.67,1
280.7,1
280.73,1
280.77,1
280.8,1
280.83,1
280.87,1
280.9,1
280.93,1
280.97,1
281,1
281.03,1
281.07,1
281.1,1
281.13,1
281.17,1
281.2,1
281.23,1
281.27,1
281.3,1
281.33,1
281.37,1
281.4,1
281.43,1
281.47,1
281.5,1
281.53,1
281.57,1
281.6,1
281.63,1
281.67,1
281.7,1
281.73,1
281.77,1
281.8,1
281.83,1
281.87,1
281.9,1
281.93,1
281.97,1
282,1
282.03,1
282.07,1
282.1,1
282.13,1
282.17,1
282.2,1
282.23,1
282.27,1
282.3,1
282.33,1
282.37,1
282.4,1
282.43,1
282.47,1
282.5,1
282.53,1
282.57,1
282.6,1
282.63,1
282.67,1
282.7,1
282.73,1
282.77,1
282.8,1
282.83,1
282.87,1
282.9,1
282.93,1
282.97,1
283,1
283.03,1
283.07,1
283.1,1
283.13,1
283.17,0
283.2,0
283.23,0
283.27,0
283.3,0
283.33,0
283.37,0
283.4,0
283.43,0
283.47,0
283.5,0
283.53,0
283.57,0
283.6,0
283.63,0
283.67,0
283.7,0
283.73,0
283.77,0
283.8,0
283.83,0
283.87,0
283.9,0
283.93,0
283.97,0
284,0
284.03,0
284.07,0
284.1,0
284.13,0
284.17,0
284.2,0
284.23,0
284.27,0
284.3,0
284.33,0
284.37,0
284.4,0
284.43,0
284.47,0
284.5,0
284.53,0
284.57,0
284.6,0
284.63,0
284.67,0
284.7,0
284.73,0
284.77,0
284.8,0
284.83,0
284.87,0
284.9,0
284.93,0
284.97,0
285,0
285.03,0
285.07,0
285.1,0
285.13,0
285.17,0
285.2,0
285.23,0
285.27,0
285.3,0
285.33,0
285.37,0
285.4,0
285.43,0
285.47,0
285.5,0
285.53,0
285.57,0
285.6,0
285.63,0
285.67,0
285.7,0
285.73,0
285.77,0
285.8,3
285.83,3
285.87,3
285.9,3
285.93,3
285.97,3
286,3
286.03,3
286.07,3
286.1,3
286.13,3
286.17,3
286.2,3
286.23,3
286.27,3
286.3,3
286.33,3
286.37,3
286.4,3
286.43,3
286.47,3
286.5,3
286.53,3
286.57,3
286.6,3
286.63,3
286.67,3
286.7,3
286.73,3
286.77,3
286.8,3
286.83,3
286.87,3
286.9,3
286.93,3
286.97,3
287,3
287.03,3
287.07,0
287.1,0
287.13,0
287.17,0
287.2,0
287.23,0
287.27,0
287.3,0
287.33,0
287.37,0
287.4,0
287.43,0
287.47,0
287.5,0
287.53,0
287.57,0
287.6,0
287.63,0
287.67,0
287.7,0
287.73,0
287.77,0
287.8,0
287.83,0
287.87,0
287.9,0
287.93,0
287.97,0
288,0
288.03,0
288.07,0
288.1,0
288.13,0
288.17,0
288.2,0
288.23,0
288.27,0
288.3,0
288.33,0
288.37,0
288.4,0
288.43,0
288.47,0
288.5,0
288.53,0
288.57,0
288.6,0
288.63,0
288.67,0
288.7,0
288.73,0
288.77,0
288.8,0
288.83,0
288.87,0
288.9,0
288.93,0
288.97,0
289,0
289.03,0
289.07,0
289.1,0
289.13,0
289.17,0
289.2,0
289.23,0
289.27,0
289.3,0
289.33,0
289.37,0
289.4,0
289.43,0
289.47,0
289.5,0
289.53,0
289.57,0
289.6,0
289.63,0
289.67,0
289.7,0
289.73,0
289.77,0
289.8,0
289.83,0
289.87,0
289.9,0
289.93,0
289.97,0
290,0
290.03,0
290.07,0
290.1,0
290.13,0
290.17,0
290.2,0
290.23,0
290.27,0
290.3,0
290.33,0
290.37,0
290.4,0
290.43,0
290.47,0
290.5,0
290.53,0
290.57,0
290.6,0
290.63,0
290.67,0
290.7,0
290.73,0
290.77,0
290.8,0
290.83,0
290.87,0
290.9,0
290.93,0
290.97,0
291,0
291.03,0
291.07,0
291.1,0
291.13,0
291.17,0
291.2,0
291.23,0
291.27,0
291.3,0
291.33,0
291.37,0
291.4,0
291.43,0
291.47,0
291.5,0
291.53,0
291.57,0
291.6,0
291.63,0
291.67,0
291.7,0
291.73,0
291.77,0
291.8,0
291.83,0
291.87,0
291.9,0
291.93,0
291.97,0
292,0
292.03,0
292.07,0
292.1,0
292.13,0
292.17,0
292.2,0
292.23,0
292.27,0
292.3,0
292.33,0
292.37,0
292.4,0
292.43,0
292.47,0
292.5,0
292.53,0
292.57,0
292.6,0
292.63,0
292.67,0
292.7,0
292.73,0
292.77,0
292.8,0
292.83,0
292.87,0
292.9,0
292.93,0
292.97,0
293,0
293.03,0
293.07,0
293.1,0
293.13,0
293.17,0
293.2,0
293.23,0
293.27,0
293.3,0
293.33,0
293.37,0
293.4,0
293.43,0
293.47,0
293.5,0
293.53,0
293.57,0
293.6,0
293.63,0
293.67,0
293.7,0
293.73,0
293.77,0
293.8,1
293.83,1
293.87,1
293.9,1
293.93,1
293.97,1
294,1
294.03,1
294.07,1
294.1,1
294.13,1
294.17,1
294.2,1
294.23,1
294.27,1
294.3,1
294.33,1
294.37,1
294.4,1
294.43,1
294.47,1
294.5,1
294.53,1
294.57,1
294.6,1
294.63,1
294.67,1
294.7,1
294.73,1
294.77,1
294.8,1
294.83,1
294.87,1
294.9,1
294.93,1
294.97,1
295,1
295.03,1
295.07,1
295.1,1
295.13,1
295.17,1
295.2,1
295.23,1
295.27,1
295.3,1
295.33,1
295.37,1
295.4,1
295.43,1
295.47,1
295.5,1
295.53,1
295.57,1
295.6,1
295.63,1
295.67,1
295.7,1
295.73,1
295.77,1
295.8,1
295.83,1
295.87,1
295.9,1
295.93,1
295.97,1
296,1
296.03,1
296.07,1
296.1,1
296.13,1
296.17,1
296.2,1
296.23,1
296.27,1
296.3,1
296.33,1
296.37,1
296.4,1
296.43,1
296.47,1
296.5,1
296.53,1
296.57,1
296.6,1
296.63,1
296.67,1
296.7,1
296.73,1
296.77,1
296.8,1
296.83,1
296.87,1
296.9,1
296.93,1
296.97,1
297,1
297.03,1
297.07,1
297.1,1
297.13,1
297.17,1
297.2,1
297.23,1
297.27,1
297.3,1
297.33,1
297.37,1
297.4,1
297.43,1
297.47,1
297.5,1
297.53,1
297.57,1
297.6,1
297.63,1
297.67,1
297.7,1
297.73,1
297.77,1
297.8,1
297.83,1
297.87,1
297.9,1
297.93,1
297.97,1
298,1
298.03,1
298.07,1
298.1,1
298.13,1
298.17,1
298.2,1
298.23,1
298.27,1
298.3,1
298.33,1
298.37,1
298.4,1
298.43,1
298.47,1
298.5,1
298.53,1
298.57,1
298.6,1
298.63,1
298.67,1
298.7,1
298.73,1
298.77,1
298.8,1
298.83,1
298.87,1
298.9,1
298.93,1
298.97,1
299,1
299.03,1
299.07,1
299.1,1
299.13,1
299.17,1
299.2,1
299.23,1
299.27,1
299.3,1
299.33,1
299.37,1
299.4,1
299.43,1
299.47,1
299.5,1
299.53,1
299.57,1
299.6,1
299.63,1
299.67,1
299.7,1
299.73,1
299.77,1
299.8,1
299.83,1
299.87,1
299.9,1
299.93,1
299.97,1
300,1
300.03,1
300.07,1
300.1,1
300.13,1
300.17,1
300.2,1
300.23,1
300.27,1
300.3,1
300.33,1
300.37,1
300.4,1
300.43,1
300.47,1
300.5,1
300.53,1
300.57,1
300.6,1
300.63,1
300.67,1
300.7,1
300.73,1
300.77,1
300.8,1
300.83,1
300.87,1
300.9,1
300.93,1
300.97,1
301,1
301.03,1
301.07,1
301.1,1
301.13,1
301.17,1
301.2,1
301.23,1
301.27,1
301.3,1
301.33,1
301.37,1
301.4,1
301.43,1
301.47,1
301.5,1
301.53,1
301.57,1
301.6,1
301.63,1
301.67,1
301.7,1
301.73,1
301.77,1
301.8,1
301.83,1
301.87,1
301.9,1
301.93,1
301.97,1
302,1
302.03,1
302.07,1
302.1,1
302.13,1
302.17,1
302.2,1
302.23,1
302.27,1
302.3,1
302.33,1
302.37,1
302.4,1
302.43,1
302.47,1
302.5,1
302.53,1
302.57,1
302.6,1
302.63,1
302.67,1
302.7,1
302.73,1
302.77,1
302.8,1
302.83,1
302.87,1
302.9,1
302.93,1
302.97,1
303,1
303.03,1
303.07,1
303.1,1
303.13,1
303.17,1
303.2,1
303.23,1
303.27,1
303.3,1
303.33,1
303.37,1
303.4,1
303.43,1
303.47,1
303.5,1
303.53,1
303.57,1
303.6,1
303.63,1
303.67,1
303.7,1
303.73,1
303.77,1
303.8,1
303.83,1
303.87,1
303.9,1
303.93,1
303.97,1
304,1
304.03,1
304.07,1
304.1,1
304.13,1
304.17,1
304.2,1
304.23,1
304.27,1
304.3,1
304.33,1
304.37,1
304.4,1
304.43,1
304.47,1
304.5,1
304.53,1
304.57,1
304.6,1
304.63,1
304.67,1
304.7,1
304.73,1
304.77,1
304.8,1
304.83,1
304.87,1
304.9,1
304.93,1
304.97,1
305,1
305.03,1
305.07,1
305.1,1
305.13,1
305.17,1
305.2,1
305.23,1
305.27,1
305.3,1
305.33,1
305.37,1
305.4,1
305.43,1
305.47,1
305.5,1
305.53,1
305.57,1
305.6,1
305.63,1
305.67,1
305.7,1
305.73,1
305.77,1
305.8,1
305.83,1
305.87,1
305.9,1
305.93,1
305.97,1
306,1
306.03,1
306.07,1
306.1,1
306.13,1
306.17,1
306.2,1
306.23,1
306.27,1
306.3,1
306.33,1
306.37,1
306.4,1
306.43,1
306.47,1
306.5,1
306.53,1
306.57,1
306.6,1
306.63,1
306.67,1
306.7,1
306.73,1
306.77,1
306.8,1
306.83,1
306.87,1
306.9,1
306.93,1
306.97,1
307,1
307.03,1
307.07,1
307.1,1
307.13,1
307.17,1
307.2,1
307.23,1
307.27,1
307.3,1
307.33,1
307.37,0
307.4,0
307.43,0
307.47,0
307.5,0
307.53,0
307.57,0
307.6,0
307.63,0
307.67,0
307.7,0
307.73,0
307.77,0
307.8,0
307.83,0
307.87,0
307.9,0
307.93,0
307.97,0
308,0
308.03,0
308.07,0
308.1,0
308.13,0
308.17,0
308.2,0
308.23,0
308.27,0
308.3,0
308.33,0
308.37,0
308.4,0
308.43,0
308.47,0
308.5,0
308.53,0
308.57,0
308.6,0
308.63,0
308.67,0
308.7,0
308.73,0
308.77,0
308.8,0
308.83,0
308.87,0
308.9,0
308.93,0
308.97,0
309,0
309.03,0
309.07,0
309.1,0
309.13,0
309.17,0
309.2,0
309.23,0
309.27,0
309.3,0
309.33,0
309.37,0
309.4,0
309.43,0
309.47,0
309.5,0
309.53,0
309.57,0
309.6,0
309.63,0
309.67,0
309.7,0
309.73,0
309.77,0
309.8,0
309.83,0
309.87,0
309.9,0
309.93,0
309.97,0
310,0
310.03,0
310.07,0
310.1,0
310.13,0
310.17,0
310.2,0
310.23,0
310.27,0
310.3,0
310.33,0
310.37,0
310.4,0
310.43,0
310.47,0
310.5,0
310.53,0
310.57,0
310.6,0
310.63,0
310.67,0
310.7,0
310.73,0
310.77,0
310.8,0
310.83,0
310.87,0
310.9,0
310.93,0
310.97,0
311,0
311.03,0
311.07,0
311.1,0
311.13,0
311.17,0
311.2,0
311.23,0
311.27,0
311.3,0
311.33,0
311.37,0
311.4,0
311.43,0
311.47,0
311.5,0
311.53,0
311.57,0
311.6,0
311.63,0
311.67,0
311.7,0
311.73,0
311.77,0
311.8,0
311.83,0
311.87,0
311.9,0
311.93,0
311.97,0
312,0
312.03,0
312.07,0
312.1,0
312.13,0
312.17,0
312.2,0
312.23,0
312.27,0
312.3,0
312.33,0
312.37,0
312.4,0
312.43,0
312.47,0
312.5,0
312.53,0
312.57,0
312.6,0
312.63,0
312.67,0
312.7,0
312.73,0
312.77,0
312.8,0
312.83,0
312.87,0
312.9,0
312.93,0
312.97,0
313,0
313.03,0
313.07,0
313.1,0
313.13,0
313.17,0
313.2,0
313.23,0
313.27,0
313.3,0
313.33,0
313.37,0
313.4,0
313.43,0
313.47,0
313.5,0
313.53,0
313.57,0
313.6,0
313.63,0
313.67,0
313.7,0
313.73,0
313.77,0
313.8,0
313.83,0
313.87,0
313.9,0
313.93,0
313.97,0
314,0
314.03,0
314.07,0
314.1,0
314.13,0
314.17,0
314.2,0
314.23,0
314.27,0
314.3,0
314.33,0
314.37,0
314.4,0
314.43,0
314.47,0
314.5,0
314.53,0
314.57,0
314.6,0
314.63,0
314.67,0
314.7,0
314.73,0
314.77,0
314.8,0
314.83,0
314.87,0
314.9,0
314.93,0
314.97,0
315,0
315.03,0
315.07,0
315.1,0
315.13,0
315.17,0
315.2,0
315.23,0
315.27,0
315.3,0
315.33,0
315.37,0
315.4,0
315.43,0
315.47,0
315.5,0
315.53,0
315.57,0
315.6,0
315.63,0
315.67,0
315.7,0
315.73,0
315.77,0
315.8,0
315.83,0
315.87,0
315.9,0
315.93,0
315.97,0
316,0
316.03,0
316.07,0
316.1,0
316.13,0
316.17,0
316.2,0
316.23,0
316.27,0
316.3,0
316.33,0
316.37,0
316.4,0
316.43,0
316.47,0
316.5,0
316.53,0
316.57,0
316.6,0
316.63,0
316.67,0
316.7,0
316.73,0
316.77,0
316.8,0
316.83,0
316.87,0
316.9,0
316.93,0
316.97,0
317,0
317.03,0
317.07,0
317.1,0
317.13,0
317.17,0
317.2,0
317.23,0
317.27,0
317.3,0
317.33,0
317.37,0
317.4,0
317.43,0
317.47,0
317.5,0
317.53,0
317.57,0
317.6,0
317.63,0
317.67,0
317.7,0
317.73,0
317.77,0
317.8,0
317.83,0
317.87,0
317.9,0
317.93,0
317.97,0
318,0
318.03,0
318.07,0
318.1,0
318.13,0
318.17,0
318.2,0
318.23,0
318.27,0
318.3,0
318.33,0
318.37,0
318.4,0
318.43,0
318.47,0
318.5,0
318.53,0
318.57,0
318.6,0
318.63,0
318.67,0
318.7,0
318.73,0
318.77,0
318.8,0
318.83,0
318.87,0
318.9,0
318.93,0
318.97,0
319,0
319.03,0
319.07,0
319.1,0
319.13,0
319.17,0
319.2,0
319.23,0
319.27,0
319.3,0
319.33,0
319.37,0
319.4,0
319.43,0
319.47,0
319.5,0
319.53,0
319.57,0
319.6,0
319.63,0
319.67,0
319.7,0
319.73,0
319.77,0
319.8,0
319.83,0
319.87,0
319.9,0
319.93,0
319.97,0
320,0
320.03,0
320.07,0
320.1,0
320.13,0
320.17,0
320.2,0
320.23,0
320.27,0
320.3,0
320.33,0
320.37,0
320.4,0
320.43,0
320.47,0
320.5,0
320.53,0
320.57,0
320.6,0
320.63,0
320.67,0
320.7,0
320.73,0
320.77,0
320.8,0
320.83,0
320.87,0
320.9,0
320.93,0
320.97,0
321,0
321.03,0
321.07,0
321.1,0
321.13,0
321.17,0
321.2,0
321.23,0
321.27,0
321.3,0
321.33,0
321.37,0
321.4,0
321.43,0
321.47,0
321.5,0
321.53,0
321.57,0
321.6,0
321.63,0
321.67,0
321.7,0
321.73,0
321.77,0
321.8,0
321.83,0
321.87,0
321.9,0
321.93,0
321.97,0
322,0
322.03,0
322.07,0
322.1,0
322.13,0
322.17,0
322.2,0
322.23,0
322.27,0
322.3,0
322.33,0
322.37,0
322.4,0
322.43,0
322.47,0
322.5,0
322.53,0
322.57,0
322.6,0
322.63,0
322.67,0
322.7,0
322.73,0
322.77,0
322.8,0
322.83,0
322.87,0
322.9,0
322.93,0
322.97,0
323,0
323.03,0
323.07,0
323.1,0
323.13,0
323.17,0
323.2,0
323.23,0
323.27,0
323.3,0
323.33,0
323.37,0
323.4,0
323.43,0
323.47,0
323.5,0
323.53,0
323.57,0
323.6,0
323.63,0
323.67,0
323.7,0
323.73,0
323.77,0
323.8,0
323.83,0
323.87,0
323.9,0
323.93,0
323.97,0
324,0
324.03,0
324.07,0
324.1,0
324.13,0
324.17,0
324.2,0
324.23,0
324.27,0
324.3,0
324.33,0
324.37,0
324.4,0
324.43,0
324.47,0
324.5,0
324.53,0
324.57,0
324.6,0
324.63,0
324.67,0
324.7,0
324.73,0
324.77,0
324.8,0
324.83,0
324.87,0
324.9,0
324.93,0
324.97,0
325,0
325.03,0
325.07,0
325.1,0
325.13,0
325.17,0
325.2,0
325.23,0
325.27,0
325.3,0
325.33,0
325.37,0
325.4,0
325.43,0
325.47,0
325.5,0
325.53,0
325.57,0
325.6,0
325.63,0
325.67,0
325.7,0
325.73,0
325.77,0
325.8,0
325.83,0
325.87,0
325.9,0
325.93,0
325.97,0
326,0
326.03,0
326.07,0
326.1,0
326.13,0
326.17,0
326.2,0
326.23,0
326.27,3
326.3,3
326.33,3
326.37,3
326.4,3
326.43,3
326.47,3
326.5,3
326.53,3
326.57,3
326.6,3
326.63,3
326.67,3
326.7,3
326.73,3
326.77,3
326.8,3
326.83,3
326.87,3
326.9,3
326.93,3
326.97,3
327,3
327.03,3
327.07,3
327.1,3
327.13,3
327.17,3
327.2,3
327.23,3
327.27,3
327.3,3
327.33,3
327.37,3
327.4,3
327.43,3
327.47,3
327.5,3
327.53,3
327.57,3
327.6,3
327.63,3
327.67,3
327.7,3
327.73,3
327.77,3
327.8,3
327.83,3
327.87,3
327.9,3
327.93,3
327.97,3
328,3
328.03,3
328.07,3
328.1,3
328.13,3
328.17,3
328.2,3
328.23,3
328.27,3
328.3,3
328.33,3
328.37,3
328.4,3
328.43,3
328.47,3
328.5,3
328.53,3
328.57,3
328.6,3
328.63,3
328.67,3
328.7,3
328.73,3
328.77,3
328.8,3
328.83,3
328.87,3
328.9,3
328.93,3
328.97,3
329,3
329.03,3
329.07,3
329.1,3
329.13,3
329.17,3
329.2,3
329.23,3
329.27,3
329.3,3
329.33,3
329.37,3
329.4,3
329.43,3
329.47,3
329.5,3
329.53,3
329.57,3
329.6,3
329.63,3
329.67,3
329.7,3
329.73,3
329.77,3
329.8,3
329.83,3
329.87,3
329.9,3
329.93,3
329.97,3
330,3
330.03,3
330.07,3
330.1,3
330.13,3
330.17,3
330.2,3
330.23,3
330.27,3
330.3,3
330.33,3
330.37,3
330.4,3
330.43,3
330.47,3
330.5,3
330.53,0
330.57,0
330.6,0
330.63,0
330.67,0
330.7,0
330.73,0
330.77,0
330.8,0
330.83,0
330.87,0
330.9,0
330.93,0
330.97,0
331,0
331.03,0
331.07,0
331.1,0
331.13,0
331.17,0
331.2,0
331.23,0
331.27,0
331.3,0
331.33,0
331.37,0
331.4,0
331.43,0
331.47,0
331.5,0
331.53,0
331.57,0
331.6,0
331.63,0
331.67,0
331.7,0
331.73,0
331.77,0
331.8,0
331.83,0
331.87,0
331.9,0
331.93,0
331.97,0
332,0
332.03,0
332.07,0
332.1,0
332.13,0
332.17,0
332.2,0
332.23,0
332.27,0
332.3,0
332.33,0
332.37,0
332.4,0
332.43,0
332.47,0
332.5,0
332.53,0
332.57,0
332.6,0
332.63,0
332.67,0
332.7,0
332.73,0
332.77,0
332.8,0
332.83,0
332.87,0
332.9,0
332.93,0
332.97,0
333,0
333.03,0
333.07,0
333.1,0
333.13,0
333.17,0
333.2,0
333.23,0
333.27,0
333.3,0
333.33,0
333.37,0
333.4,0
333.43,0
333.47,0
333.5,0
333.53,0
333.57,0
333.6,0
333.63,0
333.67,0
333.7,0
333.73,0
333.77,0
333.8,0
333.83,0
333.87,0
333.9,0
333.93,0
333.97,0
334,0
334.03,0
334.07,0
334.1,0
334.13,0
334.17,0
334.2,0
334.23,0
334.27,0
334.3,0
334.33,0
334.37,0
334.4,0
334.43,0
334.47,0
334.5,0
334.53,0
334.57,0
334.6,0
334.63,0
334.67,0
334.7,0
334.73,0
334.77,0
334.8,0
334.83,0
334.87,0
334.9,0
334.93,0
334.97,0
335,0
335.03,0
335.07,0
335.1,0
335.13,0
335.17,0
335.2,0
335.23,3
335.27,3
335.3,3
335.33,3
335.37,3
335.4,3
335.43,3
335.47,3
335.5,3
335.53,3
335.57,3
335.6,3
335.63,3
335.67,3
335.7,3
335.73,3
335.77,3
335.8,3
335.83,3
335.87,3
335.9,3
335.93,3
335.97,3
336,3
336.03,3
336.07,3
336.1,3
336.13,3
336.17,3
336.2,3
336.23,3
336.27,3
336.3,3
336.33,3
336.37,3
336.4,3
336.43,3
336.47,3
336.5,3
336.53,3
336.57,3
336.6,3
336.63,3
336.67,3
336.7,3
336.73,3
336.77,3
336.8,3
336.83,3
336.87,3
336.9,3
336.93,3
336.97,3
337,3
337.03,3
337.07,3
337.1,0
337.13,0
337.17,0
337.2,0
337.23,0
337.27,0
337.3,0
337.33,0
337.37,0
337.4,0
337.43,0
337.47,0
337.5,0
337.53,0
