30,4.3216
30.033,4.1979
30.067,4.1341
30.1,4.0208
30.133,3.9128
30.167,3.8568
30.2,3.7617
30.233,3.7682
30.267,3.7474
30.3,3.7773
30.333,3.7396
30.367,3.3568
30.4,3.0208
30.433,2.9818
30.467,3.3581
30.5,3.4753
30.533,3.4219
30.567,3.3268
30.6,3.2435
30.633,3.1628
30.667,2.8333
30.7,2.8698
30.733,2.8659
30.767,2.7799
30.8,2.737
30.833,2.5013
30.867,1.9674
30.9,1.4935
30.933,1.0286
30.967,1.1003
31,1.4427
31.033,1.7214
31.067,1.7448
31.1,1.8867
31.133,1.9271
31.167,1.8281
31.2,1.6797
31.233,1.6641
31.267,1.5951
31.3,1.3372
31.333,1.2122
31.367,1.2448
31.4,1.4049
31.433,1.6003
31.467,1.7201
31.5,1.7656
31.533,1.7826
31.567,1.8984
31.6,1.9206
31.633,2.0352
31.667,2.1445
31.7,2.6484
31.733,3.25
31.767,3.6771
31.8,3.7891
31.833,3.9609
31.867,4.0326
31.9,4.0911
31.933,4.0742
31.967,4.069
32,4.0156
32.033,3.9427
32.067,3.8698
32.1,3.8841
32.133,3.8099
32.167,3.7917
32.2,3.7904
32.233,3.8099
32.267,3.8529
32.3,3.9453
32.333,4.0182
32.367,4.0456
32.4,4.1107
32.433,4.1367
32.467,4.1771
32.5,4.1497
32.533,4.2201
32.567,4.2526
32.6,4.2865
32.633,4.3112
32.667,4.2878
32.7,4.2617
32.733,4.2878
32.767,4.3216
32.8,4.3971
32.833,4.4349
32.867,4.5299
32.9,4.6198
32.933,4.6797
32.967,4.737
33,4.7552
33.033,4.7591
33.067,4.7292
33.1,4.7161
33.133,4.6719
33.167,4.7227
33.2,4.7422
33.233,4.7747
33.267,4.8086
33.3,4.7917
33.333,4.75
33.367,4.7474
33.4,4.7096
33.433,4.707
33.467,4.7292
33.5,4.8294
33.533,4.8594
33.567,4.9063
33.6,4.9102
33.633,4.9219
33.667,4.9753
33.7,5.0156
33.733,4.9128
33.767,5.1237
33.8,5.1289
33.833,5.1875
33.867,5.2786
33.9,5.4401
33.933,5.5651
33.967,5.8047
34,5.9805
34.033,6.1706
34.067,6.3854
34.1,6.543
34.133,6.6693
34.167,6.6563
34.2,6.6081
34.233,6.5391
34.267,6.4414
34.3,6.2396
34.333,5.9245
34.367,5.7643
34.4,5.5729
34.433,5.4388
34.467,5.2552
34.5,4.9909
34.533,4.6862
34.567,4.5234
34.6,4.3516
34.633,4.0781
34.667,3.763
34.7,3.5182
34.733,3.2747
34.767,3.0352
34.8,2.9635
34.833,2.8398
34.867,2.8125
34.9,2.8255
34.933,2.8997
34.967,3.0378
35,3.181
35.033,3.4297
35.067,3.5208
35.1,3.7383
35.133,3.8984
35.167,4.0638
35.2,4.2604
35.233,4.3477
35.267,4.4258
35.3,4.5404
35.333,4.6224
35.367,4.6719
35.4,4.7331
35.433,4.8151
35.467,4.8203
35.5,4.8242
35.533,4.8633
35.567,5.0065
35.6,5.0729
35.633,5.1276
35.667,5.2214
35.7,5.1927
35.733,5.0846
35.767,5.0729
35.8,5.0716
35.833,5.0586
35.867,5.1432
35.9,5.1719
35.933,5.1719
35.967,5.2135
36,5.3255
36.033,5.3724
36.067,5.431
36.1,5.4076
36.133,5.3945
36.167,5.3893
36.2,5.3802
36.233,5.4049
36.267,5.4362
36.3,5.3516
36.333,5.2201
36.367,5.1784
36.4,5.1458
36.433,5.151
36.467,5.1341
36.5,5.1315
36.533,5.1224
36.567,5.1654
36.6,5.0469
36.633,4.8945
36.667,4.7969
36.7,4.7253
36.733,4.6354
36.767,4.5729
36.8,4.5026
36.833,4.4753
36.867,4.431
36.9,4.3359
36.933,4.2539
36.967,4.2487
37,4.2135
37.033,4.1367
37.067,4.1211
37.1,4.0234
37.133,4.0326
37.167,3.9701
37.2,3.9727
37.233,3.9089
37.267,3.8932
37.3,3.8828
37.333,3.8034
37.367,3.7656
37.4,3.6641
37.433,3.5898
37.467,3.5495
37.5,3.4688
37.533,3.3542
37.567,3.2409
37.6,3.1367
37.633,3.0247
37.667,2.9479
37.7,2.8177
37.733,2.6875
37.767,2.5625
37.8,2.4831
37.833,2.3307
37.867,2.1484
37.9,2.0443
37.933,1.9609
37.967,1.9284
38,1.9076
38.033,1.8294
38.067,1.7891
38.1,1.7461
38.133,1.6654
38.167,1.5742
38.2,1.5169
38.233,1.418
38.267,1.2852
38.3,1.1732
38.333,1.2852
38.367,1.3372
38.4,1.3802
38.433,1.457
38.467,1.3685
38.5,1.5729
38.533,1.6758
38.567,1.8932
38.6,2.0508
38.633,2.1315
38.667,2.1068
38.7,2.1224
38.733,2.1419
38.767,2.1276
38.8,2.1693
38.833,2.2122
38.867,2.2109
38.9,2.2409
38.933,2.2435
38.967,2.2786
39,2.2917
39.033,2.3099
39.067,2.2995
39.1,2.3451
39.133,2.3672
39.167,2.3932
39.2,2.4544
39.233,2.5117
39.267,2.6003
39.3,2.7057
39.333,2.7591
39.367,2.8346
39.4,2.9688
39.433,3.1133
39.467,3.1979
39.5,3.2109
39.533,3.2148
39.567,3.2526
39.6,3.2852
39.633,3.2826
39.667,3.3151
39.7,3.2435
39.733,3.3216
39.767,3.3776
39.8,3.3932
39.833,3.4492
39.867,3.4909
39.9,3.4909
39.933,3.487
39.967,3.4883
40,3.474
40.033,3.4792
40.067,3.4609
40.1,3.4414
40.133,3.3451
40.167,3.224
40.2,3.2669
40.233,3.2656
40.267,3.2956
40.3,3.3268
40.333,3.3255
40.367,3.3359
40.4,3.2878
40.433,3.25
40.467,3.2148
40.5,3.2578
40.533,3.2318
40.567,3.2174
40.6,3.2135
40.633,3.207
40.667,3.1693
40.7,3.1992
40.733,3.1732
40.767,3.1523
40.8,3.1276
40.833,3.0951
40.867,3.1107
40.9,3.1055
40.933,3.1628
40.967,3.1901
41,3.2591
41.033,3.3828
41.067,3.3268
41.1,3.3542
41.133,3.3281
41.167,3.3281
41.2,3.3737
41.233,3.3438
41.267,3.3242
41.3,3.4076
41.333,3.4583
41.367,3.4466
41.4,3.4766
41.433,3.4935
41.467,3.4388
41.5,3.4766
41.533,3.4792
41.567,3.4219
41.6,3.418
41.633,3.474
41.667,3.4622
41.7,3.4323
41.733,3.4141
41.767,3.4414
41.8,3.474
41.833,3.5065
41.867,3.5417
41.9,3.5599
41.933,3.5677
41.967,3.5143
42,3.4596
42.033,3.4792
42.067,3.4674
42.1,3.444
42.133,3.4688
42.167,3.4414
42.2,3.4128
42.233,3.4557
42.267,3.4688
42.3,3.4909
42.333,3.5378
42.367,3.5234
42.4,3.4896
42.433,3.418
42.467,3.4284
42.5,3.4336
42.533,3.4375
42.567,3.4518
42.6,3.4102
42.633,3.4557
42.667,3.4648
42.7,3.4766
42.733,3.4609
42.767,3.4544
42.8,3.4388
42.833,3.4336
42.867,3.4023
42.9,3.3984
42.933,3.3685
42.967,3.3477
43,3.3581
43.033,3.3268
43.067,3.3568
43.1,3.3086
43.133,3.2786
43.167,3.1927
43.2,3.1576
43.233,3.099
43.267,3.1133
43.3,3.1055
43.333,3.125
43.367,3.1016
43.4,3.0508
43.433,3.013
43.467,2.9596
43.5,2.8581
43.533,2.7018
43.567,2.5859
43.6,2.4818
43.633,2.3372
43.667,2.1836
43.7,1.832
43.733,2.0026
43.767,1.9648
43.8,1.9688
43.833,1.7904
43.867,1.7122
43.9,1.7044
43.933,1.569
43.967,1.4492
44,1.319
44.033,1.1602
44.067,1.1107
44.1,1.1445
44.133,0.89844
44.167,0.89974
44.2,1.5065
44.233,1.8112
44.267,1.6458
44.3,1.3372
44.333,1.1641
44.367,0.83073
44.4,0.81641
44.433,0.89323
44.467,1.2474
44.5,1.4115
44.533,1.1029
44.567,0.93359
44.6,1.5143
44.633,2
44.667,1.9674
44.7,1.9883
44.733,2.099
44.767,2.2513
44.8,2.1563
44.833,2.0469
44.867,1.9857
44.9,1.9258
44.933,1.9128
44.967,1.8477
45,1.7161
45.033,1.7109
45.067,1.6536
45.1,1.75
45.133,1.6042
45.167,1.5885
45.2,1.6901
45.233,1.7253
45.267,1.7227
45.3,1.7812
45.333,1.8138
45.367,1.862
45.4,1.862
45.433,1.9245
45.467,1.9909
45.5,2.0547
45.533,2.1667
45.567,2.2253
45.6,2.2591
45.633,2.2956
45.667,2.276
45.7,2.2448
45.733,2.2734
45.767,2.2669
45.8,2.3112
45.833,2.2409
45.867,2.3841
45.9,2.3997
45.933,2.362
45.967,2.3945
46,2.4362
46.033,2.4023
46.067,2.3789
46.1,2.3815
46.133,2.4167
46.167,2.3073
46.2,2.375
46.233,2.3555
46.267,2.3958
46.3,2.4362
46.333,2.3854
46.367,2.375
46.4,2.3477
46.433,2.3047
46.467,2.3151
46.5,2.2435
46.533,2.1602
46.567,1.7604
46.6,1.4414
46.633,1.6224
46.667,1.9453
46.7,2.0456
46.733,2.1042
46.767,2.1563
46.8,2.2865
46.833,2.5104
46.867,2.8203
46.9,3.2669
46.933,3.9622
46.967,4.7982
47,5.4948
47.033,5.8802
47.067,5.9531
47.1,6.638
47.133,6.7878
47.167,6.3529
47.2,5.9844
47.233,5.4206
47.267,5.3164
47.3,5.4349
47.333,5.3021
47.367,5.1536
47.4,5.0625
47.433,4.918
47.467,4.7109
47.5,4.4375
47.533,4.1576
47.567,3.9362
47.6,3.418
47.633,3.0807
47.667,2.7461
47.7,2.0938
47.733,1.806
47.767,1.457
47.8,1.2487
47.833,0.89844
47.867,0.77474
47.9,0.65104
47.933,0.6888
47.967,0.73307
48,0.77734
48.033,0.71615
48.067,0.60417
48.1,0.59896
48.133,0.63021
48.167,0.76172
48.2,1.0078
48.233,1.168
48.267,1.2461
48.3,1.2995
48.333,1.7826
48.367,2.1081
48.4,2.4102
48.433,2.7096
48.467,2.9362
48.5,3.1745
48.533,3.4063
48.567,3.6836
48.6,3.8333
48.633,3.8659
48.667,3.9753
48.7,3.8099
48.733,3.9036
48.767,3.7604
48.8,3.6966
48.833,3.4779
48.867,3.3776
48.9,3.2604
48.933,3.2396
48.967,3.1354
49,3.0299
49.033,2.4805
49.067,2.0326
49.1,1.9466
49.133,1.9831
49.167,2.0521
49.2,2.3138
49.233,2.612
49.267,2.6563
49.3,2.5781
49.333,2.4935
49.367,2.3529
49.4,2.0482
49.433,1.9154
49.467,1.694
49.5,1.5846
49.533,1.4818
49.567,1.4388
49.6,1.362
49.633,1.3073
49.667,1.2878
49.7,1.2357
49.733,1.3112
49.767,1.3385
49.8,1.4635
49.833,1.4896
49.867,1.5924
49.9,1.6367
49.933,1.6003
49.967,1.5885
50,1.681
50.033,1.8255
50.067,1.987
50.1,2.0742
50.133,2.1029
50.167,2.1823
50.2,2.2214
50.233,2.3906
50.267,2.5104
50.3,2.9349
50.333,2.9779
50.367,2.8268
50.4,2.6758
50.433,2.849
50.467,2.6445
50.5,2.6367
50.533,2.5911
50.567,2.4844
50.6,2.2396
50.633,2.2943
50.667,2.3529
50.7,2.362
50.733,2.4388
50.767,2.5065
50.8,2.5299
50.833,2.8021
50.867,2.8346
50.9,2.8385
50.933,2.8346
50.967,2.8099
51,2.7917
51.033,2.8229
51.067,2.8672
51.1,2.9414
51.133,2.9622
51.167,2.9661
51.2,2.8659
51.233,2.6732
51.267,2.3711
51.3,2.1289
51.333,2.1615
51.367,1.9557
51.4,1.9349
51.433,1.9245
51.467,1.9141
51.5,1.6432
51.533,1.4336
51.567,1.6107
51.6,1.7591
51.633,1.7604
51.667,1.75
51.7,1.6497
51.733,1.7526
51.767,1.8672
51.8,1.9128
51.833,1.8568
51.867,2.1706
51.9,2.1901
51.933,2.2461
51.967,2.1042
52,1.5638
52.033,1.6159
52.067,2.4206
52.1,2.9492
52.133,2.793
52.167,2.6641
52.2,2.5182
52.233,2.4349
52.267,2.3737
52.3,2.3385
52.333,2.2318
52.367,2.2227
52.4,2.1875
52.433,2.1628
52.467,2.168
52.5,2.1693
52.533,2.2083
52.567,2.2396
52.6,2.2721
52.633,2.3255
52.667,2.4023
52.7,2.4648
52.733,2.5352
52.767,2.5547
52.8,2.6133
52.833,2.6237
52.867,2.638
52.9,2.6198
52.933,2.6484
52.967,2.6211
53,2.6341
53.033,2.5612
53.067,2.5039
53.1,2.4922
53.133,2.4531
53.167,2.4609
53.2,2.4245
53.233,2.418
53.267,2.3906
53.3,2.3789
53.333,2.3867
53.367,2.3867
53.4,2.3906
53.433,2.4102
53.467,2.4388
53.5,2.4479
53.533,2.3997
53.567,2.4258
53.6,2.4466
53.633,2.4518
53.667,2.4583
53.7,2.4727
53.733,2.4531
53.767,2.4714
53.8,2.4492
53.833,2.4557
53.867,2.431
53.9,2.4531
53.933,2.4193
53.967,2.4375
54,2.4674
54.033,2.4518
54.067,2.4427
54.1,2.4414
54.133,2.4232
54.167,2.4336
54.2,2.4297
54.233,2.4258
54.267,2.4479
54.3,2.4388
54.333,2.4531
54.367,2.4141
54.4,2.4219
54.433,2.4115
54.467,2.4284
54.5,2.4167
54.533,2.4401
54.567,2.4531
54.6,2.4701
54.633,2.4779
54.667,2.4609
54.7,2.4753
54.733,2.4427
54.767,2.4557
54.8,2.444
54.833,2.4492
54.867,2.4375
54.9,2.4427
54.933,2.4414
54.967,2.4661
55,2.4479
55.033,2.4453
55.067,2.4388
55.1,2.4258
55.133,2.4232
55.167,2.401
55.2,2.4128
55.233,2.4362
55.267,2.4349
55.3,2.4818
55.333,2.4674
55.367,2.457
55.4,2.4753
55.433,2.487
55.467,2.3542
55.5,2.4674
55.533,2.4401
55.567,2.3346
55.6,2.3281
55.633,2.3242
55.667,2.293
55.7,2.2695
55.733,2.2773
55.767,2.2721
55.8,2.2435
55.833,2.2331
55.867,2.1953
55.9,2.3242
55.933,2.3672
55.967,2.3789
56,2.4323
56.033,2.444
56.067,2.4766
56.1,2.4792
56.133,2.4544
56.167,2.4844
56.2,2.487
56.233,2.5052
56.267,2.513
56.3,2.4688
56.333,2.4023
56.367,2.3503
56.4,2.3086
56.433,2.2799
56.467,2.2461
56.5,2.2318
56.533,2.2109
56.567,2.1966
56.6,2.125
56.633,2.1354
56.667,2.138
56.7,2.1185
56.733,2.1328
56.767,2.1263
56.8,2.1367
56.833,2.1107
56.867,1.9531
56.9,1.2943
56.933,0.86198
56.967,0.86589
57,1.0182
57.033,1.207
57.067,1.2708
57.1,1.2227
57.133,1.0846
57.167,1.1003
57.2,1.1693
57.233,1.1992
57.267,1.1445
57.3,1.1016
57.333,1.1771
57.367,1.25
57.4,1.2799
57.433,1.2995
57.467,1.2826
57.5,0.98307
57.533,0.82552
57.567,0.71224
57.6,0.64844
57.633,0.64193
57.667,0.6237
57.7,0.64974
57.733,0.67057
57.767,0.63411
57.8,0.63542
57.833,0.53125
57.867,0.45052
57.9,0.55208
57.933,0.78385
57.967,0.88281
58,0.8776
58.033,0.88151
58.067,1.0898
58.1,1.2526
58.133,1.2995
58.167,1.2148
58.2,1.0534
58.233,0.91016
58.267,1.0052
58.3,0.96224
58.333,0.8099
58.367,0.73307
58.4,0.76172
58.433,0.88021
58.467,1.0195
58.5,0.98958
58.533,0.86458
58.567,0.64193
58.6,0.5
58.633,0.41927
58.667,0.38021
58.7,0.40234
58.733,0.45703
58.767,0.54297
58.8,0.64323
58.833,0.73828
58.867,0.92969
58.9,1.026
58.933,1.1107
58.967,1.1628
59,1.2331
59.033,1.3138
59.067,1.3464
59.1,1.3685
59.133,1.3815
59.167,1.3789
59.2,1.3867
59.233,1.3555
59.267,1.3607
59.3,1.3867
59.333,1.3815
59.367,1.4232
59.4,1.4518
59.433,1.4688
59.467,1.4909
59.5,1.5091
59.533,1.5286
59.567,1.5378
59.6,1.5365
59.633,1.5521
59.667,1.5664
59.7,1.5586
59.733,1.5299
59.767,1.5625
59.8,1.6328
59.833,1.6341
59.867,1.6628
59.9,1.6576
59.933,1.599
59.967,1.5195
60,1.3789
60.033,1.1263
60.067,0.84375
60.1,0.75651
60.133,0.84766
60.167,0.8737
60.2,0.97266
60.233,1.0391
60.267,1.0182
60.3,1.0521
60.333,1.082
60.367,1.0911
60.4,1.0938
60.433,1.0755
60.467,1.0651
60.5,1.0352
60.533,1.0365
60.567,1.0404
60.6,1.0326
60.633,0.95443
60.667,0.82813
60.7,0.80339
60.733,0.82422
60.767,0.80859
60.8,0.8151
60.833,0.79036
60.867,0.78776
60.9,0.80078
60.933,0.77344
60.967,0.77604
61,0.80208
61.033,0.80339
61.067,0.8138
61.1,0.80208
61.133,0.77865
61.167,0.79167
61.2,0.79297
61.233,0.80859
61.267,0.83073
61.3,0.8151
61.333,0.78125
61.367,0.77995
61.4,0.77344
61.433,0.71094
61.467,0.70443
61.5,0.625
61.533,0.53385
61.567,0.4987
61.6,0.42318
61.633,0.36458
61.667,0.36198
61.7,0.3112
61.733,0.31771
61.767,0.30859
61.8,0.29948
61.833,0.2487
61.867,0.22266
61.9,0.18229
61.933,0.19141
61.967,0.19922
62,0.11198
62.033,0.057292
62.067,0.023438
62.1,0
62.133,0
62.167,0
62.2,0
62.233,0
62.267,0
62.3,0
62.333,0
62.367,0
62.4,0
62.433,0
62.467,0
62.5,0
62.533,0
62.567,0
62.6,0
62.633,0
62.667,0
62.7,0
62.733,0
62.767,0
62.8,0
62.833,0
62.867,0
62.9,0
62.933,0
62.967,0
63,0
63.033,0
63.067,0
63.1,0
63.133,0
63.167,0
63.2,0
63.233,0
63.267,0
63.3,0
63.333,0
63.367,0
63.4,0
63.433,0
63.467,0
63.5,0
63.533,0
63.567,0
63.6,0
63.633,0
63.667,0
63.7,0
63.733,0
63.767,0
63.8,0.23177
63.833,0.5599
63.867,0.9974
63.9,1.2031
63.933,1.2422
63.967,1.2409
64,1.237
64.033,1.2383
64.067,1.1862
64.1,1.082
64.133,0.99609
64.167,0.91927
64.2,0.8737
64.233,0.84635
64.267,0.85156
64.3,0.83854
64.333,0.88411
64.367,0.94401
64.4,0.96875
64.433,0.98177
64.467,0.97786
64.5,0.99089
64.533,0.98568
64.567,0.98438
64.6,1.0117
64.633,1.0039
64.667,0.9987
64.7,1.0026
64.733,1.0326
64.767,1.043
64.8,1.0599
64.833,1.1471
64.867,1.1992
64.9,1.2396
64.933,1.2409
64.967,1.2253
65,1.1797
65.033,1.1432
65.067,1.1341
65.1,1.1432
65.133,1.1263
65.167,1.112
65.2,1.0938
65.233,1.0807
65.267,1.043
65.3,0.9974
65.333,0.95182
65.367,0.92578
65.4,0.90104
65.433,0.7513
65.467,0.76432
65.5,0.7526
65.533,0.72396
65.567,0.82422
65.6,0.85026
65.633,0.86328
65.667,0.85417
65.7,0.90885
65.733,0.95964
65.767,1.0391
65.8,1.0742
65.833,1.1523
65.867,1.1784
65.9,1.1875
65.933,1.3034
65.967,1.4635
66,1.6328
66.033,1.556
66.067,1.4505
66.1,1.457
66.133,1.4987
66.167,1.5182
66.2,1.5729
66.233,1.6471
66.267,1.6914
66.3,1.7669
66.333,1.7917
66.367,1.7747
66.4,1.7839
66.433,1.7708
66.467,1.8034
66.5,1.7969
66.533,1.8372
66.567,1.8542
66.6,1.8503
66.633,1.8828
66.667,1.9414
66.7,2.043
66.733,2.3151
66.767,2.5521
66.8,2.7409
66.833,2.8125
66.867,2.599
66.9,2.5195
66.933,2.4753
66.967,2.4648
67,2.4883
67.033,2.5404
67.067,2.5573
67.1,2.5443
67.133,2.5339
67.167,2.5104
67.2,2.4167
67.233,2.3008
67.267,2.1901
67.3,2.0716
67.333,1.9661
67.367,2.0182
67.4,2.6042
67.433,3.0156
67.467,3.2057
67.5,3.168
67.533,3.1654
67.567,3.2227
67.6,3.2044
67.633,3.2656
67.667,3.2214
67.7,3.2474
67.733,3.2409
67.767,3.2474
67.8,3.1536
67.833,3.0065
67.867,2.9089
67.9,2.875
67.933,2.7188
67.967,2.5951
68,2.319
68.033,2.099
68.067,1.6992
68.1,1.5846
68.133,1.4805
68.167,1.5078
68.2,1.4427
68.233,1.4258
68.267,1.3724
68.3,1.7031
68.333,1.6576
68.367,1.6224
68.4,1.6081
68.433,1.4128
68.467,1.4622
68.5,1.4648
68.533,1.5378
68.567,1.4766
68.6,1.4948
68.633,1.4857
68.667,1.5039
68.7,1.4427
68.733,1.3125
68.767,1.1484
68.8,0.97396
68.833,0.91927
68.867,0.93099
68.9,0.97526
68.933,1.1836
68.967,1.6172
69,1.9909
69.033,2.2721
69.067,2.4336
69.1,2.6484
69.133,2.7109
69.167,2.806
69.2,2.681
69.233,2.7096
69.267,2.7578
69.3,2.6758
69.333,2.7109
69.367,2.7044
69.4,2.7552
69.433,2.7474
69.467,2.7708
69.5,2.7174
69.533,2.6771
69.567,2.832
69.6,2.7305
69.633,2.4102
69.667,2.7096
69.7,3.5052
69.733,3.763
69.767,3.8086
69.8,3.8451
69.833,3.8932
69.867,3.9284
69.9,4.0651
69.933,4.1068
69.967,4.168
70,4.2201
70.033,4.293
70.067,4.3151
70.1,4.3503
70.133,4.3932
70.167,4.4635
70.2,4.5182
70.233,4.5625
70.267,4.5794
70.3,4.6367
70.333,4.651
70.367,4.6458
70.4,4.6576
70.433,4.6914
70.467,4.7044
70.5,4.7018
70.533,4.6563
70.567,4.6602
70.6,4.6992
70.633,4.6224
70.667,4.5742
70.7,4.5195
70.733,4.4284
70.767,4.3841
70.8,4.3516
70.833,4.3099
70.867,4.2669
70.9,4.2604
70.933,4.2721
70.967,4.2773
71,4.2526
71.033,4.2578
71.067,4.2539
71.1,4.2878
71.133,4.3281
71.167,4.3346
71.2,4.3724
71.233,4.4674
71.267,4.5599
71.3,4.6211
71.333,4.6081
71.367,4.6992
71.4,4.7344
71.433,4.7526
71.467,4.7604
71.5,4.7617
71.533,4.7344
71.567,4.7096
71.6,4.707
71.633,4.6992
71.667,4.7018
71.7,4.737
71.733,4.7695
71.767,4.7852
71.8,4.7656
71.833,4.7227
71.867,4.7031
71.9,4.7005
71.933,4.6523
71.967,4.6471
72,4.6901
72.033,4.7331
72.067,4.7057
72.1,4.7656
72.133,4.7865
72.167,4.7995
72.2,4.7826
72.233,4.8073
72.267,4.8255
72.3,4.8021
72.333,4.8789
72.367,4.8529
72.4,4.8294
72.433,4.8333
72.467,4.8503
72.5,4.8424
72.533,4.8203
72.567,4.8294
72.6,4.8268
72.633,4.8047
72.667,4.7591
72.7,4.7227
72.733,4.6849
72.767,4.6393
72.8,4.6263
72.833,4.5924
72.867,4.5781
72.9,4.5807
72.933,4.5885
72.967,4.5859
73,4.5638
73.033,4.5781
73.067,4.556
73.1,4.5547
73.133,4.569
73.167,4.5924
73.2,4.5703
73.233,4.556
73.267,4.5508
73.3,4.5299
73.333,4.5365
73.367,4.5299
73.4,4.6016
73.433,4.599
73.467,4.5833
73.5,4.5729
73.533,4.5039
73.567,4.3633
73.6,3.974
73.633,3.5378
73.667,3.0573
73.7,2.8633
73.733,2.7852
73.767,2.5612
73.8,3.4674
73.833,4.1003
73.867,4.6133
73.9,4.7266
73.933,4.7708
73.967,4.8841
74,4.9284
74.033,4.9961
74.067,4.9753
74.1,4.9792
74.133,4.9883
74.167,5.0091
74.2,4.9974
74.233,5.0182
74.267,5.0117
74.3,5.0273
74.333,5.0638
74.367,5.0768
74.4,5.112
74.433,5.2357
74.467,5.349
74.5,5.349
74.533,5.3685
74.567,5.3073
74.6,5.3112
74.633,5.3086
74.667,5.3438
74.7,5.3568
74.733,5.3385
74.767,5.3724
74.8,5.3607
74.833,5.3464
74.867,5.3359
74.9,5.332
74.933,5.3581
74.967,5.3698
75,5.3529
75.033,5.3268
75.067,5.3229
75.1,5.3307
75.133,5.3568
75.167,5.3607
75.2,5.3242
75.233,5.25
75.267,5.2148
75.3,5.1589
75.333,5.0534
75.367,4.9036
75.4,4.8646
75.433,4.8581
75.467,4.8177
75.5,4.8281
75.533,4.8099
75.567,4.7786
75.6,4.7813
75.633,4.7578
75.667,4.7188
75.7,4.6875
75.733,4.6745
75.767,4.6133
75.8,4.5742
75.833,4.4596
75.867,4.3503
75.9,4.2487
75.933,4.1888
75.967,4.1758
76,4.1133
76.033,4.0964
76.067,4.043
76.1,3.9714
76.133,3.8568
119.23,2.8424
119.27,2.8333
119.3,2.7227
119.33,2.4023
119.37,2.3724
119.4,2.3854
119.43,2.4414
119.47,2.4909
119.5,2.5456
119.53,2.5182
119.57,2.4154
119.6,2.2578
119.63,2.0612
119.67,2.0469
119.7,2.0547
119.73,2.1263
119.77,2.2643
119.8,2.3477
119.83,2.3997
119.87,2.3997
119.9,2.3581
119.93,2.2656
119.97,2.181
120,2.1589
120.03,2.2135
120.07,2.2357
120.1,2.2357
120.13,2.276
120.17,2.3021
120.2,2.3125
120.23,2.3229
120.27,2.3359
120.3,2.3789
120.33,2.4232
120.37,2.4531
120.4,2.4479
120.43,2.4479
120.47,2.457
120.5,2.4883
120.53,2.4583
120.57,2.4961
120.6,2.5104
120.63,2.5169
120.67,2.5234
120.7,2.5456
120.73,2.5326
120.77,2.5104
120.8,2.5286
120.83,2.5273
120.87,2.5013
120.9,2.5352
120.93,2.5495
120.97,2.5221
121,2.5065
121.03,2.4883
121.07,2.4922
121.1,2.5547
121.13,2.5
121.17,2.5065
121.2,2.4753
121.23,2.5065
121.27,2.4727
121.3,2.4557
121.33,2.4336
121.37,2.4544
121.4,2.4492
121.43,2.4635
121.47,2.4583
121.5,2.4635
121.53,2.4622
121.57,2.4974
121.6,2.4948
121.63,2.5221
121.67,2.5195
121.7,2.5456
121.73,2.5221
121.77,2.5469
121.8,2.5781
121.83,2.5859
121.87,2.5898
121.9,2.6185
121.93,2.651
121.97,2.694
122,2.6745
122.03,2.6836
122.07,2.6914
122.1,2.7331
122.13,2.6875
122.17,2.7031
122.2,2.694
122.23,2.6758
122.27,2.6836
122.3,2.651
122.33,2.6549
122.37,2.6458
122.4,2.5977
122.43,2.582
122.47,2.556
122.5,2.5833
122.53,2.5612
122.57,2.5573
122.6,2.5807
122.63,2.5872
122.67,2.599
122.7,2.5977
122.73,2.5964
122.77,2.6081
122.8,2.6029
122.83,2.6029
122.87,2.5872
122.9,2.5951
122.93,2.6068
122.97,2.599
123,2.5677
123.03,2.5495
123.07,2.5768
123.1,2.556
123.13,2.5221
123.17,2.5221
123.2,2.5026
123.23,2.5117
123.27,2.4883
123.3,2.5104
123.33,2.4961
123.37,2.4844
123.4,2.5013
123.43,2.5052
123.47,2.5078
123.5,2.5156
123.53,2.5182
123.57,2.5026
123.6,2.4974
123.63,2.5443
123.67,2.5456
123.7,2.5299
123.73,2.5195
123.77,2.5482
123.8,2.5404
123.83,2.5313
123.87,2.5521
123.9,2.5846
123.93,2.5716
123.97,2.5898
124,2.6042
124.03,2.5911
124.07,2.5859
124.1,2.569
124.13,2.5716
124.17,2.5911
124.2,2.5573
124.23,2.5664
124.27,2.5794
124.3,2.6029
124.33,2.5964
124.37,2.5872
124.4,2.5977
124.43,2.5247
124.47,2.6107
124.5,2.6393
124.53,2.6589
124.57,2.6563
124.6,2.694
124.63,2.7487
124.67,2.8034
124.7,2.8216
124.73,2.8776
124.77,2.9193
124.8,2.9401
124.83,2.9466
124.87,2.9974
124.9,3.0742
124.93,3.0703
124.97,3.1641
125,3.1771
125.03,3.2422
125.07,3.2813
125.1,3.3268
125.13,3.3229
125.17,3.3372
125.2,3.3346
125.23,3.3359
125.27,3.3607
125.3,3.3542
125.33,3.3281
125.37,3.3359
125.4,3.2891
125.43,3.1979
125.47,3.2904
125.5,3.3086
125.53,3.1797
125.57,3.2956
125.6,3.2487
125.63,3.2344
125.67,3.2357
125.7,3.2513
125.73,3.2617
125.77,3.2943
125.8,3.3151
125.83,3.3802
125.87,3.4323
125.9,3.5299
125.93,3.5586
125.97,3.6849
126,3.8099
126.03,3.9089
126.07,3.987
126.1,4.056
126.13,4.1836
126.17,4.2253
126.2,4.2591
126.23,4.1797
126.27,4.3177
126.3,4.2279
126.33,4.3945
126.37,4.4128
126.4,4.2044
126.43,4.2526
126.47,4.2435
126.5,4.2227
126.53,4.3411
126.57,4.3516
126.6,4.332
126.63,4.3464
126.67,4.3659
126.7,4.3698
126.73,4.3698
126.77,4.3932
126.8,4.4089
126.83,4.3646
126.87,4.3724
126.9,4.3776
126.93,4.3711
126.97,4.3724
127,4.3464
127.03,4.3359
127.07,4.3359
127.1,4.3034
127.13,4.2943
127.17,4.2943
127.2,4.306
127.23,4.2839
127.27,4.2839
127.3,4.3008
127.33,4.2943
127.37,4.3073
127.4,4.3294
127.43,4.388
127.47,4.4258
127.5,4.5286
127.53,4.6862
127.57,4.8229
127.6,5.0339
127.63,5.2565
127.67,5.4727
127.7,5.6732
127.73,5.8346
127.77,6.0664
127.8,6.2617
127.83,6.3958
127.87,6.5039
127.9,6.6107
127.93,6.6042
127.97,6.5716
128,6.5182
128.03,6.5391
128.07,6.4844
128.1,6.4948
128.13,6.4766
128.17,6.4883
128.2,6.5091
128.23,6.5339
128.27,6.4961
128.3,6.5664
128.33,6.5964
128.37,6.6419
128.4,6.5924
128.43,6.5677
128.47,6.5234
128.5,6.5026
128.53,6.4206
128.57,6.4258
128.6,6.3789
128.63,6.3737
128.67,6.3229
128.7,6.3021
128.73,6.2227
128.77,6.2005
128.8,6.1706
128.83,6.1615
128.87,6.1289
128.9,6.1185
128.93,6.138
128.97,6.1393
129,6.1107
129.03,6.138
129.07,6.1159
129.1,6.0833
129.13,5.9453
129.17,6.0833
129.2,6.1849
129.23,6.2122
129.27,6.2161
129.3,6.2812
129.33,6.3047
129.37,6.3216
129.4,6.3242
129.43,6.3542
129.47,6.401
129.5,6.474
129.53,6.4388
129.57,6.4023
129.6,6.4089
129.63,6.4271
129.67,6.4427
129.7,6.4714
129.73,6.4727
129.77,6.5586
129.8,6.6029
129.83,6.7031
129.87,6.7292
129.9,6.806
129.93,6.9427
129.97,7.1055
130,7.2643
130.03,7.5117
130.07,7.8151
130.1,8.1536
130.13,8.5391
130.17,8.9154
130.2,9.1576
130.23,9.4466
130.27,9.6094
130.3,9.7813
130.33,9.8685
130.37,9.8411
130.4,9.7292
130.43,9.7214
130.47,9.6302
130.5,9.5495
130.53,9.4792
130.57,9.3438
130.6,9.2813
130.63,9.1875
130.67,9.0872
130.7,9.0221
130.73,8.9609
130.77,8.9375
130.8,8.9883
130.83,9.0651
130.87,9.1719
130.9,9.3008
130.93,9.3294
130.97,9.4284
131,9.5195
131.03,9.6849
131.07,9.6315
131.1,9.6536
131.13,9.7604
131.17,9.8659
131.2,9.7813
131.23,9.7344
131.27,9.6367
131.3,9.5716
131.33,9.5495
131.37,9.4492
131.4,9.2917
131.43,9.0651
131.47,8.599
131.5,8.319
131.53,8.2435
131.57,8.0964
131.6,7.681
131.63,7.2695
131.67,7.1953
131.7,7.0911
131.73,6.8359
131.77,5.8607
131.8,5.043
131.83,4.6719
131.87,4.3841
131.9,4.2148
131.93,4.082
131.97,3.9779
132,3.8464
132.03,3.6484
132.07,3.5573
132.1,3.5469
132.13,3.5117
132.17,3.6523
132.2,3.6706
132.23,3.5039
132.27,3.1836
132.3,3.2357
132.33,3.2292
132.37,3.2904
132.4,3.3073
132.43,3.2786
132.47,3.2995
132.5,3.4258
132.53,3.6862
132.57,4.0039
132.6,4.224
132.63,4.3763
132.67,4.5313
132.7,4.5495
132.73,4.5924
132.77,4.6667
132.8,4.7344
132.83,4.7214
132.87,4.7227
132.9,4.6992
132.93,4.6224
132.97,4.3464
133,3.8945
133.03,3.2852
133.07,2.5456
133.1,2.6836
133.13,3.0456
133.17,3.3477
133.2,2.8776
133.23,2.194
133.27,1.4987
133.3,1.0625
133.33,1.0586
133.37,1.0365
133.4,1.0977
133.43,1.2982
133.47,1.9857
133.5,2.2786
133.53,2.2591
133.57,2.944
133.6,3.7201
133.63,4.2734
133.67,4.6693
133.7,4.8685
133.73,4.8451
133.77,4.7865
133.8,4.7956
133.83,4.8828
133.87,4.9792
133.9,5.1094
133.93,5.1992
133.97,5.2799
134,5.3516
134.03,5.4023
134.07,5.4336
134.1,5.4831
134.13,5.5352
134.17,5.5091
134.2,5.362
134.23,5.0534
134.27,4.7565
134.3,4.4531
134.33,4.2865
134.37,4.1237
134.4,3.9896
134.43,3.8672
134.47,3.6823
134.5,3.4076
134.53,3.0091
134.57,2.8307
134.6,3.9779
134.63,6.2135
134.67,6.7383
134.7,6.7669
134.73,6.5547
134.77,6.3828
134.8,6.1133
134.83,5.987
134.87,5.8802
134.9,5.9141
134.93,5.8477
134.97,5.8047
135,5.5078
135.03,4.6159
135.07,4.1198
135.1,4.9141
135.13,4.7734
135.17,4.8268
135.2,4.5443
135.23,4.362
135.27,4.3359
135.3,4.4714
135.33,4.7617
135.37,4.9609
135.4,5.2396
135.43,5.4349
135.47,5.4492
135.5,5.5859
135.53,5.7161
135.57,5.7617
135.6,5.8294
135.63,5.8776
135.67,5.8073
135.7,5.8229
135.73,5.944
135.77,6.0143
135.8,6.0898
135.83,6.1732
135.87,6.3737
135.9,6.332
135.93,6.3932
135.97,6.5729
136,6.0677
136.03,5.4284
136.07,4.7578
136.1,3.8424
136.13,3.556
136.17,3.5677
136.2,3.3503
136.23,3.1068
136.27,2.9974
136.3,3.2734
136.33,3.4961
136.37,3.4076
136.4,3.3255
136.43,3.2799
136.47,3.2617
136.5,3.2096
136.53,3.151
136.57,3.112
136.6,3.0612
136.63,3.0807
136.67,3.0859
136.7,3.069
136.73,3.1081
136.77,3.0964
136.8,3.0443
136.83,2.9831
136.87,2.9362
136.9,2.8724
136.93,2.8242
136.97,2.7852
137,2.7409
137.03,2.763
137.07,2.7487
137.1,2.6523
137.13,2.5794
137.17,2.5547
137.2,2.5664
137.23,2.5794
137.27,2.6849
137.3,3.1536
137.33,3.7539
137.37,3.6745
137.4,3.5026
137.43,3.3724
137.47,3.2083
137.5,2.8893
137.53,2.2018
137.57,1.0378
137.6,0.14844
137.63,0
137.67,0
137.7,0
137.73,0
137.77,0
137.8,0
137.83,0
137.87,0
137.9,0
137.93,0
137.97,0
138,0.13021
138.03,0.29167
138.07,0.5026
138.1,0.75911
138.13,0.92839
138.17,1.0104
138.2,1.0508
138.23,1.0742
138.27,1.1029
138.3,1.1224
138.33,1.1198
138.37,1.1497
138.4,1.1536
138.43,1.1602
138.47,1.1771
138.5,1.2122
138.53,1.2344
138.57,1.2539
138.6,1.2982
138.63,1.3438
138.67,1.3568
138.7,1.3815
138.73,1.4076
138.77,1.457
138.8,1.5195
138.83,1.5924
138.87,1.638
138.9,1.7214
138.93,1.8086
138.97,1.8229
139,1.8516
139.03,1.9023
139.07,1.9661
139.1,2.0482
139.13,2.0833
139.17,2.1497
139.2,2.2279
139.23,2.3034
139.27,2.3841
139.3,2.444
139.33,2.5521
139.37,2.6302
139.4,2.6914
139.43,2.7135
139.47,2.6758
139.5,2.6745
139.53,2.6784
139.57,2.7331
139.6,2.8646
139.63,2.9857
139.67,3.1823
139.7,3.3216
139.73,3.4414
139.77,3.5339
139.8,3.5573
139.83,3.5378
139.87,3.5859
139.9,3.5951
139.93,3.5924
139.97,3.5664
140,3.5052
140.03,3.5104
140.07,3.4909
140.1,3.4648
140.13,3.4427
140.17,3.3841
140.2,3.3346
140.23,3.3438
140.27,3.2969
140.3,3.2409
140.33,3.2044
140.37,3.2044
140.4,3.1628
140.43,3.1927
140.47,3.1732
140.5,3.1445
140.53,3.1497
140.57,3.1875
140.6,3.181
140.63,3.1693
140.67,3.1992
140.7,3.2161
140.73,3.069
140.77,3.0872
140.8,3.1966
140.83,3.2383
140.87,3.293
140.9,3.388
140.93,3.3906
140.97,3.4128
141,3.4206
141.03,3.401
141.07,3.4089
141.1,3.3932
141.13,3.3854
141.17,3.3997
141.2,3.3841
141.23,3.3854
141.27,3.3333
141.3,3.3008
141.33,3.2409
141.37,3.2109
141.4,3.1198
141.43,2.9466
141.47,2.599
141.5,2.112
141.53,1.5938
141.57,1.4583
141.6,1.1133
141.63,0.9362
141.67,0.84505
141.7,0.85156
141.73,0.68099
141.77,0.6237
141.8,0.59245
141.83,0.70443
141.87,0.94792
141.9,1.0456
141.93,0.80729
141.97,0.61458
142,0.66146
142.03,0.69922
142.07,0.68359
142.1,0.65755
142.13,0.58984
142.17,0.52995
142.2,0.60417
142.23,0.65885
142.27,0.6888
142.3,0.40365
142.33,0.36198
142.37,0.3099
142.4,0.15234
142.43,0
142.47,0
142.5,0
142.53,0
142.57,0
142.6,0
142.63,0
142.67,0
142.7,0
142.73,0
142.77,0
142.8,0
142.83,0
142.87,0
142.9,0
142.93,0
142.97,0
143,0
143.03,0
143.07,0
143.1,0
143.13,0
143.17,0
143.2,0
143.23,0
143.27,0.29818
143.3,0.6849
143.33,1.1315
143.37,1.5169
143.4,1.9336
143.43,2.2943
143.47,2.7161
143.5,3.2721
143.53,3.9336
143.57,4.6393
143.6,5.1302
143.63,5.7188
143.67,6.1094
143.7,6.2852
143.73,6.3685
143.77,6.4531
143.8,6.5
143.83,6.513
143.87,6.4818
143.9,6.4974
143.93,6.4818
143.97,6.4388
144,6.4023
144.03,6.3737
144.07,6.3607
144.1,6.3503
144.13,6.3255
144.17,6.3477
144.2,6.3529
144.23,6.3893
144.27,6.3997
144.3,6.4349
144.33,6.4818
144.37,6.5052
144.4,6.526
144.43,6.3529
144.47,6.3828
144.5,6.3828
144.53,6.3841
144.57,6.599
144.6,6.5742
144.63,6.5807
144.67,6.5742
144.7,6.6003
144.73,6.5872
144.77,6.5898
144.8,6.6172
144.83,6.6484
144.87,6.6615
144.9,6.7044
144.93,6.7174
144.97,6.6576
145,6.6172
145.03,6.5846
145.07,6.5221
145.1,6.4896
145.13,6.4271
145.17,6.3854
145.2,6.375
145.23,6.4023
145.27,6.4089
145.3,6.4375
145.33,6.4596
145.37,6.4766
145.4,6.4792
145.43,6.4857
145.47,6.4909
145.5,6.4935
145.53,6.5352
145.57,6.5365
145.6,6.5404
145.63,6.5495
145.67,6.5365
145.7,6.5078
145.73,6.4714
145.77,6.4492
145.8,6.4336
145.83,6.4531
145.87,6.5
145.9,6.5143
145.93,6.556
145.97,6.556
146,6.5742
146.03,6.5456
146.07,6.5182
146.1,6.4909
146.13,6.4961
146.17,6.4701
146.2,6.4505
146.23,6.4414
146.27,6.4284
146.3,6.4154
146.33,6.4115
146.37,6.401
146.4,6.3932
146.43,6.3971
146.47,6.3737
146.5,6.3828
146.53,6.3607
146.57,6.3164
146.6,6.2812
146.63,6.2969
146.67,6.293
146.7,6.3021
146.73,6.2552
146.77,6.2148
146.8,6.1654
146.83,6.1432
146.87,6.1029
146.9,6.1003
146.93,6.0951
146.97,6.0664
147,6.0534
147.03,6.0221
147.07,5.9974
147.1,6.0208
147.13,6.0365
147.17,6.0586
147.2,6.0638
147.23,6.0664
147.27,6.0729
147.3,6.1016
147.33,6.1211
147.37,6.1563
147.4,6.1862
147.43,6.1289
147.47,6.1589
147.5,6.2031
147.53,6.3372
147.57,6.4076
147.6,6.5286
147.63,6.7409
147.67,6.8737
147.7,7.0547
147.73,7.1445
147.77,7.6211
147.8,7.8672
147.83,8.0768
147.87,7.1172
147.9,6.237
147.93,7.4648
147.97,8.1602
148,8.0469
148.03,7.8802
148.07,7.7487
148.1,7.6419
148.13,7.526
148.17,7.4583
148.2,7.4049
148.23,7.388
148.27,7.401
148.3,7.4206
148.33,7.4805
148.37,7.5091
148.4,7.5065
148.43,7.4753
148.47,7.5286
148.5,7.5573
148.53,7.6081
148.57,7.638
148.6,7.6576
148.63,7.6927
148.67,7.6992
148.7,7.707
148.73,7.6901
148.77,7.6797
148.8,7.6185
148.83,7.5286
148.87,7.4609
148.9,7.4049
148.93,7.3359
148.97,7.2695
149,7.2474
149.03,7.2318
149.07,7.1458
149.1,7.1081
149.13,7.0482
149.17,7.0143
149.2,6.9792
149.23,6.9492
149.27,6.9466
149.3,6.9544
149.33,6.9401
149.37,6.9375
149.4,6.9102
149.43,6.888
149.47,6.9284
149.5,6.9349
149.53,6.9336
149.57,6.9688
149.6,7.0052
149.63,7.0208
149.67,7.0586
149.7,7.0911
149.73,7.0807
149.77,7.0755
149.8,7.0417
149.83,7.0352
149.87,7.0065
149.9,6.9596
149.93,6.9492
149.97,6.9336
150,6.8789
150.03,6.8503
150.07,6.8112
150.1,6.7786
150.13,6.7409
150.17,6.7083
150.2,6.4818
150.23,6.6693
150.27,6.6302
150.3,6.6003
150.33,6.5547
150.37,6.5365
150.4,6.5234
150.43,6.4961
150.47,6.4401
150.5,6.4375
150.53,6.4102
150.57,6.4505
150.6,6.4297
150.63,6.4206
150.67,6.3568
150.7,6.3672
150.73,6.3346
150.77,6.3281
150.8,6.3021
150.83,6.263
150.87,6.2161
150.9,6.2383
150.93,6.2435
150.97,6.2591
151,6.2409
151.03,6.0286
151.07,5.9935
151.1,6.168
151.13,6.1029
151.17,6.1029
151.2,6.0781
151.23,6.0586
151.27,6.056
151.3,6.0247
151.33,6.0026
151.37,5.9987
151.4,5.9401
151.43,5.9063
151.47,5.9193
151.5,5.9648
151.53,5.9779
151.57,5.987
151.6,6.0169
151.63,6.0938
151.67,6.1172
151.7,6.2331
151.73,6.2891
151.77,6.3737
151.8,6.4349
151.83,6.5117
151.87,6.5833
151.9,6.7018
151.93,6.7917
151.97,6.849
152,6.9479
152.03,7.0378
152.07,6.9987
152.1,6.6068
152.13,5.6354
152.17,5.1628
152.2,5.4271
152.23,5.7786
152.27,6.0716
152.3,6.4167
152.33,6.9805
152.37,7.526
152.4,7.8971
152.43,7.9727
152.47,7.9023
152.5,7.7826
152.53,7.694
152.57,7.6185
152.6,7.5977
152.63,7.5911
152.67,7.5391
152.7,7.5
152.73,7.4531
152.77,7.4258
152.8,7.4023
152.83,7.2305
152.87,7.4557
152.9,7.4948
152.93,7.5534
152.97,7.5742
153,7.5768
153.03,7.5924
153.07,7.5677
153.1,7.4674
153.13,7.3659
153.17,7.401
153.2,7.3828
153.23,7.3307
153.27,7.1328
153.3,6.9271
153.33,6.6875
153.37,6.5456
153.4,6.4271
153.43,6.4102
153.47,6.3685
153.5,6.3437
153.53,6.3177
153.57,6.3229
153.6,6.3268
153.63,6.3867
153.67,6.418
153.7,6.4883
153.73,6.5781
153.77,6.6953
153.8,6.8294
153.83,6.9727
153.87,7.0586
153.9,7.1224
153.93,7.138
153.97,7.1693
154,7.2318
154.03,7.3333
154.07,7.4635
154.1,7.474
154.13,6.9531
154.17,6.0391
154.2,4.7396
154.23,3.4557
154.27,3.0286
154.3,2.974
154.33,2.6198
154.37,5.9063
154.4,5.7773
154.43,5.2135
154.47,4.5898
154.5,4.0221
154.53,3.3047
154.57,2.5156
154.6,2.0456
154.63,1.5833
154.67,1.2096
154.7,0.84766
154.73,0.64714
154.77,0.48177
154.8,0.41276
154.83,0.43099
154.87,0.44531
154.9,0.46615
154.93,0.41016
154.97,0.4362
155,0.60026
155.03,0.73438
155.07,0.95573
155.1,1.1784
155.13,1.401
155.17,1.5638
155.2,1.6081
155.23,1.7148
155.27,1.7812
155.3,1.8919
155.33,1.9844
155.37,2.1172
155.4,2.2292
155.43,2.3229
155.47,2.4115
155.5,2.5065
155.53,2.5938
155.57,2.6862
155.6,2.737
155.63,2.776
155.67,2.8464
155.7,2.9076
155.73,2.9674
155.77,3.0143
155.8,3.0104
155.83,3.0443
155.87,3.0273
155.9,3.0208
155.93,2.9818
155.97,2.9948
156,2.9831
156.03,2.9844
156.07,2.9661
156.1,2.9727
156.13,2.9453
156.17,2.944
156.2,2.9154
156.23,2.901
156.27,2.8763
156.3,2.7331
156.33,2.2331
156.37,1.6146
156.4,1.237
156.43,1.3737
156.47,1.6068
156.5,1.7383
156.53,1.9375
156.57,2.1237
156.6,2.2813
156.63,2.4753
156.67,2.5456
156.7,2.5833
156.73,2.5742
156.77,2.4323
156.8,2.2591
156.83,1.9102
156.87,1.4961
156.9,1.263
156.93,1.0104
156.97,0.95182
157,1.0951
157.03,0.85417
157.07,0.80208
157.1,0.79818
157.13,0.80208
157.17,0.63021
157.2,0.6224
157.23,0.61068
157.27,0.6901
157.3,0.92448
157.33,1.3099
157.37,1.7878
157.4,2.2682
157.43,2.6367
157.47,2.8307
157.5,2.8906
157.53,3.25
157.57,3.3828
157.6,3.4531
157.63,3.3893
157.67,3.2969
157.7,3.3281
157.73,3.2813
157.77,3.2513
157.8,3.1615
157.83,3.099
157.87,3.0664
157.9,2.8971
157.93,2.7995
157.97,2.7057
158,2.6862
158.03,2.5924
158.07,2.4674
158.1,2.474
158.13,2.4388
158.17,2.4818
158.2,2.4622
158.23,2.4544
158.27,2.487
194.13,5.6771
194.17,6.7773
194.2,6.4609
194.23,5.362
194.27,4.3867
194.3,3.7031
194.33,3.0755
194.37,2.5846
194.4,2.2604
194.43,2.0065
194.47,1.8177
194.5,1.6966
194.53,1.6289
194.57,1.5977
194.6,1.2969
194.63,1.276
194.67,1.2852
194.7,1.3229
194.73,1.4701
194.77,1.4349
194.8,1.2891
194.83,1.2448
194.87,1.2435
194.9,1.194
194.93,1.2266
194.97,1.2565
195,1.25
195.03,1.2474
195.07,1.2109
195.1,1.1758
195.13,1.2096
195.17,1.2878
195.2,1.5026
195.23,1.5638
195.27,1.5833
195.3,1.5846
195.33,1.5742
195.37,1.7669
195.4,1.8867
195.43,1.8789
195.47,1.8411
195.5,1.7331
195.53,1.6888
195.57,1.6914
195.6,1.7005
195.63,1.8138
195.67,1.8815
195.7,1.8893
195.73,1.8646
195.77,1.8672
195.8,1.8294
195.83,1.9557
195.87,2.1888
195.9,2.5469
195.93,2.5065
195.97,2.6497
196,3.0078
196.03,3.3659
196.07,3.5039
196.1,3.4727
196.13,3.4479
196.17,3.457
196.2,3.5
196.23,3.5469
196.27,3.5339
196.3,3.4609
196.33,3.5169
196.37,3.4648
196.4,3.4323
196.43,3.418
196.47,3.3867
196.5,3.4336
196.53,3.4206
196.57,3.4401
196.6,3.4857
196.63,3.5326
196.67,3.6172
196.7,3.625
196.73,3.5352
196.77,3.4896
196.8,3.3724
196.83,3.3294
196.87,3.3307
196.9,3.1836
196.93,3.0013
196.97,2.7956
197,2.4844
197.03,2.2956
197.07,1.9063
197.1,1.6836
197.13,1.6146
197.17,1.4701
197.2,1.4284
197.23,1.2786
197.27,1.1185
197.3,1.013
197.33,0.97266
197.37,0.91406
197.4,0.88281
197.43,0.79818
197.47,0.77474
197.5,0.77734
197.53,0.76693
197.57,0.7474
197.6,0.76432
197.63,0.72266
197.67,0.69531
197.7,0.65885
197.73,0.66927
197.77,0.85026
197.8,1.0742
197.83,1.0599
197.87,1.0234
197.9,1.0013
197.93,0.94401
197.97,0.90755
198,0.88411
198.03,0.85677
198.07,0.86719
198.1,0.86979
198.13,0.89714
198.17,0.875
198.2,0.85417
198.23,0.88021
198.27,0.85807
198.3,0.8151
198.33,0.77344
198.37,0.7474
198.4,0.72917
198.43,0.70313
198.47,0.66797
198.5,0.625
198.53,0.625
198.57,0.44661
198.6,0.34505
198.63,0.28255
198.67,0.29688
198.7,0.36068
198.73,0.36458
198.77,0.35807
198.8,0.38151
198.83,0.42839
198.87,0.41276
198.9,0.46615
198.93,0.50781
198.97,0.46875
199,0.46875
199.03,0.50391
199.07,0.47526
199.1,0.46875
199.13,0.48568
199.17,0.42318
199.2,0.44271
199.23,0.44401
199.27,0.47526
199.3,0.46484
199.33,0.46615
199.37,0.44531
199.4,0.43229
199.43,0.41927
199.47,0.43229
199.5,0.46354
199.53,0.45443
199.57,0.4388
199.6,0.43359
199.63,0.44661
199.67,0.50391
199.7,0.52083
199.73,0.48958
199.77,0.51693
199.8,0.51953
199.83,0.57161
199.87,0.54818
199.9,0.55599
199.93,0.5612
199.97,0.52474
200,0.52995
200.03,0.55339
200.07,0.58724
200.1,0.54948
200.13,0.54297
200.17,0.52604
200.2,0.5625
200.23,0.54688
200.27,0.54297
200.3,0.52474
200.33,0.56641
200.37,0.58594
200.4,0.53385
200.43,0.5
200.47,0.48958
200.5,0.4974
200.53,0.50651
200.57,0.4987
200.6,0.51432
200.63,0.55078
200.67,0.59896
200.7,0.56641
200.73,0.66927
200.77,0.72656
200.8,0.78385
200.83,0.75781
200.87,0.79297
200.9,0.82813
200.93,0.84375
200.97,0.86458
201,0.88281
201.03,0.95443
201.07,0.98958
201.1,1.0664
201.13,1.0807
201.17,1.0859
201.2,1.1393
201.23,1.1628
201.27,1.1458
201.3,1.1445
201.33,1.0742
201.37,1.0234
201.4,1.1706
201.43,1.4648
201.47,1.4805
201.5,1.5443
201.53,1.5677
201.57,1.5716
201.6,1.599
201.63,1.724
201.67,1.6107
201.7,1.6055
201.73,1.7227
201.77,1.7357
201.8,1.7161
201.83,1.7188
201.87,1.7799
201.9,1.7721
201.93,1.7591
201.97,1.7773
202,1.7682
202.03,1.7773
202.07,1.7474
202.1,1.7174
202.13,1.7018
202.17,1.6706
202.2,1.6458
202.23,1.6146
202.27,1.5482
202.3,1.5052
202.33,1.4427
202.37,1.375
202.4,1.2878
202.43,1.2344
202.47,1.1745
202.5,1.1523
202.53,1.1094
202.57,1.0651
202.6,1.0352
202.63,1.0378
202.67,1.0117
202.7,0.9375
202.73,0.92708
202.77,0.90625
202.8,0.90625
202.83,0.89062
202.87,0.90885
202.9,0.92969
202.93,0.94141
202.97,0.94661
203,0.95182
203.03,0.98438
203.07,0.97656
203.1,1.0221
203.13,0.99089
203.17,0.99609
203.2,1.0091
203.23,1.0052
203.27,1.0378
203.3,1.0352
203.33,1.0143
203.37,1.0352
203.4,1.013
203.43,1.0078
203.47,1.0234
203.5,0.99349
203.53,0.98828
203.57,0.98307
203.6,0.95833
203.63,0.8776
203.67,0.89453
203.7,0.87109
203.73,0.87109
203.77,0.83203
203.8,0.80729
203.83,0.79167
203.87,0.80339
203.9,0.76563
203.93,0.77604
203.97,0.93099
204,1.099
204.03,1.1146
204.07,1.1523
204.1,1.0859
204.13,1.0299
204.17,0.92448
204.2,0.67318
204.23,0.51172
204.27,0.42318
204.3,0.40234
204.33,0.46745
204.37,0.4388
204.4,0.25391
204.43,0.20573
204.47,0.20573
204.5,0.1901
204.53,0.18359
204.57,0.16406
204.6,0.14714
204.63,0.16146
204.67,0.14714
204.7,0.019531
204.73,0
204.77,0.048177
204.8,0.076823
204.83,0.0625
204.87,0.054688
204.9,0
204.93,0
204.97,0
205,0
205.03,0
205.07,0
205.1,0
205.13,0
205.17,0.0065104
205.2,0.16146
205.23,0.3125
205.27,0.41667
205.3,0.4388
205.33,0.48047
205.37,0.60807
205.4,0.64453
205.43,0.65755
205.47,0.65495
205.5,0.6224
205.53,0.57422
205.57,0.57292
205.6,0.58724
205.63,0.56901
205.67,0.55208
205.7,0.48568
205.73,0.52865
205.77,0.60807
205.8,0.73047
205.83,0.78906
205.87,0.83333
205.9,0.79948
205.93,0.69792
205.97,0.66016
206,0.65234
206.03,0.64453
206.07,0.63802
206.1,0.59766
206.13,0.52474
206.17,0.43229
206.2,0.45833
206.23,0.58464
206.27,0.55208
206.3,0.47656
206.33,0.41016
206.37,0.5599
206.4,0.74089
206.43,1.2174
206.47,1.6341
206.5,1.6927
206.53,1.6367
206.57,1.5352
206.6,1.3659
206.63,1.138
206.67,0.8151
206.7,0.3724
206.73,0.22917
206.77,0.70313
206.8,1.2591
206.83,1.7878
206.87,1.8555
206.9,1.9557
206.93,1.9544
206.97,2.0664
207,2.1042
207.03,2.1185
207.07,1.9661
207.1,1.9531
207.13,1.9688
207.17,1.9844
207.2,1.9531
207.23,1.8086
207.27,1.6563
207.3,1.3984
207.33,1.2318
207.37,1.2292
207.4,1.3333
207.43,1.5755
207.47,1.7461
207.5,1.7539
207.53,1.7969
207.57,1.8242
207.6,1.8125
207.63,1.7357
207.67,1.7057
207.7,1.6497
207.73,1.6745
207.77,1.7083
207.8,1.7174
207.83,1.694
207.87,1.5794
207.9,1.4609
207.93,1.2474
207.97,1.0977
208,1.0625
208.03,1.1185
208.07,1.1732
208.1,1.2982
208.13,1.4076
208.17,1.3958
208.2,1.3659
208.23,1.3477
208.27,1.3255
208.3,1.2956
208.33,1.2487
208.37,1.2018
208.4,1.1172
208.43,1.0482
208.47,0.99089
208.5,0.99349
208.53,0.95833
208.57,0.94141
208.6,0.91406
208.63,0.90885
208.67,0.89583
208.7,0.85807
208.73,0.84896
208.77,0.77474
208.8,0.77474
208.83,0.7487
208.87,0.72656
208.9,0.74219
208.93,0.75911
208.97,0.78125
209,0.76432
209.03,0.75651
209.07,0.76823
209.1,0.74349
209.13,0.72917
209.17,0.70052
209.2,0.67057
209.23,0.66797
209.27,0.67839
209.3,0.69271
209.33,0.69271
209.37,0.71615
209.4,0.73307
209.43,0.79557
209.47,0.84505
209.5,0.9349
209.53,1.0247
209.57,1.1081
209.6,1.1589
209.63,1.2031
209.67,1.2708
209.7,1.3542
209.73,1.4036
209.77,1.4492
209.8,1.5456
209.83,1.5534
209.87,1.5951
209.9,1.6016
209.93,1.6484
209.97,1.6302
210,1.6341
210.03,1.6563
210.07,1.6549
210.1,1.6732
210.13,1.6823
210.17,1.6888
210.2,1.6771
210.23,1.681
210.27,1.681
210.3,1.6589
210.33,1.6484
210.37,1.6263
210.4,1.6315
210.43,1.638
210.47,1.6354
210.5,1.681
210.53,1.6589
210.57,1.6354
210.6,1.6146
210.63,1.5833
210.67,1.569
210.7,1.5599
210.73,1.5456
210.77,1.5924
210.8,1.526
210.83,1.526
210.87,1.4987
210.9,1.4596
210.93,1.4036
210.97,1.3828
211,1.3607
211.03,1.3398
211.07,1.3359
211.1,1.293
211.13,1.3034
211.17,1.2643
211.2,1.3411
211.23,1.2865
211.27,1.2409
211.3,1.2669
211.33,1.2747
211.37,1.3034
211.4,1.2539
211.43,1.2956
211.47,1.3034
211.5,1.2747
211.53,1.3125
211.57,1.3359
211.6,1.3841
211.63,1.375
211.67,1.4206
211.7,1.4049
211.73,1.4453
211.77,1.4336
211.8,1.474
211.83,1.4922
211.87,1.5326
211.9,1.5599
211.93,1.5586
211.97,1.5599
212,1.5951
212.03,1.6471
212.07,1.6758
212.1,1.6563
212.13,1.7018
212.17,1.7135
212.2,1.7487
212.23,1.7461
212.27,1.7266
212.3,1.7266
212.33,1.7201
212.37,1.7396
212.4,1.7357
212.43,1.7253
212.47,1.7396
212.5,1.763
212.53,1.7422
212.57,1.7487
212.6,1.7747
212.63,1.793
212.67,1.7539
212.7,1.7786
212.73,1.8151
212.77,1.7812
212.8,1.7552
212.83,1.7747
212.87,1.8008
212.9,1.8034
212.93,1.8203
212.97,1.8333
213,1.8385
213.03,1.7995
213.07,1.7617
213.1,1.7812
213.13,1.7917
213.17,1.8112
213.2,1.7826
213.23,1.7904
213.27,1.819
213.3,1.8034
213.33,1.7839
213.37,1.7565
213.4,1.776
213.43,1.7552
213.47,1.7591
213.5,1.7669
213.53,1.7721
213.57,1.7682
213.6,1.8294
213.63,1.8164
213.67,1.7656
213.7,1.7969
213.73,1.776
213.77,1.7995
213.8,1.8307
213.83,1.8802
213.87,1.9128
213.9,1.974
213.93,1.9674
213.97,2.0065
214,2.0286
214.03,2.1302
214.07,2.1563
214.1,2.1797
214.13,2.1927
214.17,2.2513
214.2,2.3021
214.23,2.3633
214.27,2.3776
214.3,2.4427
214.33,2.4596
214.37,2.5156
214.4,2.5677
214.43,2.6055
214.47,2.6393
214.5,2.6497
214.53,2.6927
214.57,2.7174
214.6,2.7539
214.63,2.8073
214.67,2.8216
214.7,2.8633
214.73,2.9206
214.77,2.9128
214.8,2.9297
214.83,2.9688
214.87,2.9961
214.9,3.013
214.93,2.9922
214.97,3.0456
215,3.0703
215.03,3.0755
215.07,3.0729
215.1,3.0612
215.13,2.974
215.17,2.9714
215.2,2.9766
215.23,2.9818
215.27,2.9883
215.3,2.9857
215.33,2.9154
215.37,2.862
215.4,2.7865
215.43,2.7695
215.47,2.6784
215.5,2.5729
215.53,2.4766
215.57,2.3737
215.6,2.2799
215.63,2.1732
215.67,2.1185
215.7,2.0768
215.73,2.0508
215.77,2.0052
215.8,1.9701
215.83,1.9805
215.87,1.9401
215.9,1.9674
215.93,1.9479
215.97,1.9375
216,1.9297
216.03,1.9258
216.07,1.9323
216.1,1.9154
216.13,1.9115
216.17,1.9219
216.2,1.9245
216.23,1.9284
216.27,1.9414
216.3,1.9557
216.33,1.9492
216.37,1.9336
216.4,1.9583
216.43,1.9544
216.47,1.9648
216.5,1.9557
216.53,1.9674
216.57,1.9609
216.6,1.9701
216.63,1.9648
216.67,1.9531
216.7,1.9896
216.73,2.0195
216.77,1.9857
216.8,1.9805
216.83,2.0052
216.87,2.0143
216.9,2
216.93,1.9857
216.97,2.0026
217,2.0234
217.03,2.0013
217.07,2.0391
217.1,2.0859
217.13,2.1068
217.17,2.1198
217.2,2.125
217.23,2.1497
217.27,2.1979
217.3,2.2201
217.33,2.2474
217.37,2.2708
217.4,2.276
217.43,2.3594
217.47,2.3763
217.5,2.3893
217.53,2.4362
217.57,2.4557
217.6,2.4661
217.63,2.5026
217.67,2.4805
217.7,2.4466
217.73,2.4479
217.77,2.4102
217.8,2.2526
217.83,2.1497
217.87,2.1393
217.9,2.1471
217.93,2.2096
217.97,2.3893
218,2.3984
218.03,2.4036
218.07,2.4128
218.1,2.4505
218.13,2.4557
218.17,2.4492
218.2,2.4388
218.23,2.4844
218.27,2.4766
218.3,2.5143
218.33,2.5365
218.37,2.5326
218.4,2.6237
218.43,2.6458
218.47,2.6849
218.5,2.6133
218.53,2.6563
218.57,2.6628
218.6,2.6667
218.63,2.6953
218.67,2.7279
218.7,2.6836
218.73,2.7031
218.77,2.6432
218.8,2.6432
218.83,2.6159
218.87,2.6211
218.9,2.6367
218.93,2.6576
218.97,2.6055
219,2.599
219.03,2.612
219.07,2.6172
219.1,2.6328
219.13,2.6146
219.17,2.5885
219.2,2.6693
219.23,2.6497
219.27,2.6849
219.3,2.6719
219.33,2.6302
219.37,2.6706
219.4,2.6875
219.43,2.6966
219.47,2.6589
219.5,2.6706
219.53,2.6497
219.57,2.6862
219.6,2.6367
219.63,2.6523
219.67,2.6263
219.7,2.6654
219.73,2.7083
219.77,2.6471
219.8,2.6263
219.83,2.5716
219.87,2.5547
219.9,2.5469
219.93,2.5469
219.97,2.3945
220,2.5156
220.03,2.556
220.07,2.5521
220.1,2.5065
220.13,2.5026
220.17,2.5026
220.2,2.4974
220.23,2.5
220.27,2.4883
220.3,2.4609
220.33,2.4935
220.37,2.4909
220.4,2.5378
220.43,2.5391
220.47,2.4987
220.5,2.5078
220.53,2.5221
220.57,2.5443
220.6,2.5039
220.63,2.5456
220.67,1.6745
220.7,0.7513
220.73,0.48698
220.77,0.29167
220.8,0.0013021
220.83,0
220.87,0
220.9,0
220.93,0.019531
220.97,0.1263
221,0.14193
221.03,0.080729
221.07,0.059896
221.1,0.058594
221.13,0.075521
221.17,0.098958
221.2,0.10156
221.23,0.13932
221.27,0.10026
221.3,0.083333
221.33,0.053385
221.37,0.070313
221.4,0.079427
221.43,0.085938
221.47,0.13151
221.5,0.14583
221.53,0.13932
221.57,0.17578
221.6,0.19141
221.63,0.25651
221.67,0.75
221.7,1.0417
221.73,1.2747
221.77,1.2799
221.8,1.2435
221.83,1.2461
221.87,1.2682
221.9,1.2721
221.93,1.2773
221.97,1.2917
222,1.224
222.03,1.2161
222.07,1.1927
222.1,1.1589
222.13,1.1432
222.17,1.1354
222.2,1.1393
222.23,1.1354
222.27,1.1536
222.3,1.1901
222.33,1.1849
222.37,1.1797
222.4,1.1888
222.43,1.207
222.47,1.1602
222.5,1.1914
222.53,1.1719
222.57,1.1536
222.6,1.1432
222.63,1.168
222.67,1.1315
222.7,1.2044
222.73,1.1706
222.77,1.1823
222.8,1.1523
222.83,1.1966
222.87,1.1628
222.9,1.1563
222.93,1.1081
222.97,1.0456
223,0.92969
223.03,0.88672
223.07,0.86198
223.1,0.67839
223.13,0.54167
223.17,0.51302
223.2,0.52604
223.23,0.48568
223.27,0.52214
223.3,0.54036
223.33,0.53646
223.37,0.48047
223.4,0.54948
223.43,0.50911
223.47,0.49479
223.5,0.5638
223.53,0.52865
223.57,0.55078
223.6,0.57552
223.63,0.63411
223.67,0.61719
223.7,0.84375
223.73,0.86328
223.77,0.89844
223.8,0.98307
223.83,1.0221
223.87,1.069
223.9,1.1862
223.93,1.2422
223.97,1.25
224,1.2617
224.03,1.2552
224.07,1.237
224.1,1.1849
224.13,1.1393
224.17,1.1016
224.2,1.0755
224.23,1.0299
224.27,0.99349
224.3,0.95703
224.33,0.85677
224.37,0.86719
224.4,0.83203
224.43,0.83724
224.47,0.82813
224.5,0.84115
224.53,0.77344
224.57,0.76563
224.6,0.73568
224.63,0.70573
224.67,0.51953
224.7,0.46745
224.73,0.38021
224.77,0.27604
224.8,0.30339
224.83,0.28906
224.87,0.2513
224.9,0.25521
224.93,0.23047
224.97,0.23958
225,0.2513
225.03,0.23958
225.07,0.22135
225.1,0.26432
225.13,0.28125
225.17,0.27995
225.2,0.27083
225.23,0.26042
225.27,0.29167
225.3,0.28646
225.33,0.26563
225.37,0.27083
225.4,0.26563
225.43,0.26693
225.47,0.27083
225.5,0.27083
225.53,0.23828
225.57,0.23568
225.6,0.23568
225.63,0.30469
225.67,0.35417
225.7,0.41536
225.73,0.46615
225.77,0.4987
225.8,0.57682
225.83,0.75651
225.87,0.77865
225.9,0.80339
225.93,0.70313
225.97,0.69661
226,0.66927
226.03,0.625
226.07,0.61849
226.1,0.60286
226.13,0.5651
226.17,0.57161
226.2,0.57682
226.23,0.54818
226.27,0.54297
226.3,0.50521
226.33,0.49219
226.37,0.48438
226.4,0.46745
226.43,0.44792
226.47,0.4375
226.5,0.45182
226.53,0.44141
226.57,0.46875
226.6,0.46484
226.63,0.44922
226.67,0.42578
226.7,0.41276
226.73,0.44141
226.77,0.4362
226.8,0.41146
226.83,0.4349
226.87,0.4388
226.9,0.45443
226.93,0.44141
226.97,0.45703
227,0.4401
227.03,0.42839
227.07,0.42318
227.1,0.44792
227.13,0.45182
227.17,0.4401
227.2,0.41276
227.23,0.41667
227.27,0.40495
227.3,0.40495
227.33,0.35286
227.37,0.41406
227.4,0.40755
227.43,0.36849
227.47,0.32422
227.5,0.25911
227.53,0.26563
227.57,0.28125
227.6,0.29297
227.63,0.27474
227.67,0.25
227.7,0.23568
227.73,0.22135
227.77,0.26953
227.8,0.21484
227.83,0.23307
227.87,0.20833
227.9,0.2487
227.93,0.22917
227.97,0.22266
228,0.21224
228.03,0.22786
228.07,0.23177
228.1,0.22526
228.13,0.21484
228.17,0.24349
228.2,0.24479
228.23,0.25391
228.27,0.2487
228.3,0.23698
228.33,0.21354
228.37,0.20443
228.4,0.20182
228.43,0.19792
228.47,0.20052
228.5,0.20443
228.53,0.19531
228.57,0.22135
228.6,0.20182
228.63,0.23568
228.67,0.23568
228.7,0.23177
228.73,0.23828
228.77,0.23958
228.8,0.23177
228.83,0.23568
228.87,0.25911
228.9,0.25651
228.93,0.24609
228.97,0.24609
229,0.25521
229.03,0.25781
229.07,0.27214
229.1,0.28906
229.13,0.26432
229.17,0.27734
229.2,0.34375
229.23,0.43359
229.27,0.52734
229.3,0.70182
229.33,1.0195
229.37,1.2409
229.4,1.4531
229.43,1.6133
229.47,1.7734
229.5,1.8177
229.53,1.9492
229.57,2.1289
229.6,2.2096
229.63,2.3151
229.67,2.2357
229.7,2.4102
229.73,2.5247
229.77,2.862
229.8,2.8932
229.83,2.9284
229.87,3.0482
229.9,3.1198
229.93,3.0898
229.97,3.0768
230,3.0456
230.03,3.0339
230.07,2.8555
230.1,2.8516
230.13,2.9258
230.17,3.1094
230.2,3.1367
230.23,3.1823
230.27,3.2031
230.3,3.263
230.33,3.2031
230.37,3.1406
230.4,3.0677
230.43,3.0299
230.47,3.0273
230.5,3.0273
230.53,3.0573
230.57,3.0677
230.6,3.0794
230.63,3.0768
230.67,3.0326
230.7,3.0742
230.73,3.0586
230.77,3.0469
230.8,3.0143
230.83,2.9922
230.87,2.9688
230.9,2.9609
230.93,2.9427
230.97,2.944
231,2.9518
231.03,2.9453
231.07,2.9284
231.1,2.9701
231.13,2.8607
231.17,2.8841
231.2,2.8854
231.23,2.9154
231.27,2.9102
231.3,3.0625
231.33,3.082
231.37,3.1003
231.4,3.125
231.43,3.112
231.47,3.1029
231.5,3.1393
231.53,3.1445
231.57,3.1576
231.6,3.1628
231.63,3.1654
231.67,3.1549
231.7,3.1758
231.73,3.1784
231.77,3.1563
231.8,3.1523
231.83,3.1706
231.87,3.1823
231.9,3.0156
231.93,3.0026
231.97,3.1484
232,3.1289
232.03,3.1328
232.07,3.1094
232.1,3.0885
232.13,3.0573
232.17,3.0651
232.2,3.0299
232.23,3.0156
232.27,2.9909
232.3,2.944
232.33,2.875
232.37,2.9219
232.4,2.9167
232.43,2.9701
232.47,2.7734
232.5,2.9271
232.53,2.8906
232.57,2.8815
232.6,2.9023
232.63,2.8841
232.67,2.8815
232.7,2.9141
232.73,2.9154
232.77,2.9193
232.8,2.9128
232.83,2.9193
232.87,2.9167
232.9,2.9427
232.93,2.9284
232.97,2.8307
233,2.9909
233.03,2.9792
233.07,2.8164
233.1,2.974
233.13,2.8073
233.17,2.9583
233.2,2.9193
233.23,2.7682
233.27,2.7435
233.3,2.7565
233.33,2.7122
233.37,2.4961
233.4,2.4518
233.43,2.4505
233.47,2.4831
233.5,2.457
233.53,2.4336
233.57,2.4362
233.6,2.4948
233.63,2.5
233.67,2.5078
233.7,2.4909
233.73,2.4583
233.77,2.2943
233.8,2.3555
233.83,2.4076
233.87,2.4232
233.9,2.2643
233.93,2.306
233.97,2.3398
234,2.5638
234.03,2.6146
234.07,2.6367
234.1,2.6224
234.13,2.6159
234.17,2.6237
234.2,2.6042
234.23,2.5807
234.27,2.5924
234.3,2.5299
234.33,2.6081
234.37,2.6367
234.4,2.6263
234.43,2.6289
234.47,2.6966
234.5,2.694
234.53,2.7344
234.57,2.7174
234.6,2.7396
234.63,2.7435
234.67,2.7656
234.7,2.7786
234.73,2.7682
234.77,2.7852
234.8,2.7682
234.83,2.7552
234.87,2.7578
234.9,2.7578
234.93,2.7643
234.97,2.75
235,2.7656
235.03,2.7708
235.07,2.7669
235.1,2.7656
235.13,2.7891
235.17,2.8151
235.2,2.8346
235.23,2.724
235.27,2.3581
235.3,1.7344
235.33,0.70964
235.37,0.13932
235.4,1.4453
235.43,2.7734
235.47,3.5964
235.5,3.8138
235.53,3.944
235.57,4.0885
235.6,4.2487
235.63,4.3529
235.67,4.5599
235.7,4.6875
235.73,4.832
235.77,4.9674
235.8,4.9922
235.83,5.0846
235.87,5.0677
235.9,5.1016
235.93,5.0911
235.97,5.0547
236,5.0703
236.03,5.0938
236.07,5.0768
236.1,5.0612
236.13,5.0508
236.17,5.0638
236.2,5.0247
236.23,5.0273
236.27,4.9609
236.3,4.957
236.33,4.9492
236.37,4.944
236.4,4.8919
236.43,4.9023
236.47,4.8633
236.5,4.8594
236.53,4.8411
236.57,4.8503
236.6,4.8151
236.63,4.7279
236.67,4.6237
236.7,4.5846
236.73,4.5273
236.77,4.4818
236.8,4.4792
236.83,4.4701
236.87,4.4583
236.9,4.4544
236.93,4.4089
236.97,4.3958
237,4.3138
237.03,4.2995
237.07,4.2357
237.1,4.151
237.13,4.1549
237.17,4.1185
237.2,4.0898
237.23,4.0625
237.27,4.0065
237.3,4.026
237.33,3.9961
237.37,3.9753
237.4,4.0013
237.43,3.9896
237.47,3.9753
237.5,4.0247
237.53,4.0573
237.57,4.1966
237.6,4.3672
237.63,4.6159
237.67,4.9635
237.7,5.4154
237.73,5.7109
237.77,6.082
237.8,6.3802
237.83,6.6224
237.87,6.9974
237.9,7.0703
237.93,6.9336
237.97,6.668
238,6.4167
238.03,5.9414
238.07,5.2435
238.1,4.4544
238.13,3.5703
238.17,2.793
238.2,2.1589
238.23,1.5599
238.27,1.3438
238.3,1.4167
238.33,1.7513
238.37,2.2227
238.4,2.6888
238.43,3.1068
238.47,3.6849
238.5,4.1706
238.53,4.5703
238.57,4.9232
238.6,5.1198
238.63,5.2826
238.67,5.2552
238.7,5.306
238.73,5.2695
238.77,5.2448
238.8,5.2331
238.83,5.207
238.87,5.2044
238.9,5.1628
238.93,5.1107
238.97,5.1198
239,5.0521
239.03,5.0768
239.07,5.069
239.1,5.125
239.13,5.0625
239.17,5.0534
239.2,5.0586
239.23,5
239.27,4.9714
239.3,4.9622
239.33,4.9375
239.37,4.9206
239.4,4.8359
239.43,4.8411
239.47,4.7982
239.5,4.8359
239.53,4.819
239.57,4.8255
239.6,4.8398
239.63,4.806
239.67,4.7526
239.7,4.6771
239.73,4.5234
239.77,4.3086
239.8,4.1094
239.83,4.0143
239.87,3.9831
239.9,4.0482
239.93,4.1016
239.97,4.1693
240,4.1784
240.03,4.207
240.07,4.2083
240.1,4.2865
240.13,4.2982
240.17,4.3398
240.2,4.3477
240.23,4.3268
240.27,4.3242
240.3,4.3685
240.33,4.3724
240.37,4.3854
240.4,4.4271
240.43,4.4544
240.47,4.4622
240.5,4.4674
240.53,4.4987
240.57,4.5039
240.6,4.5143
240.63,4.5221
240.67,4.5182
240.7,4.5313
240.73,4.5443
240.77,4.5378
240.8,4.5521
240.83,4.5573
240.87,4.5638
240.9,4.5547
240.93,4.5352
240.97,4.5625
241,4.5404
241.03,4.5326
241.07,4.526
241.1,4.5482
241.13,4.5313
241.17,4.5417
241.2,4.5352
241.23,4.5299
241.27,4.5195
241.3,4.5286
241.33,4.487
241.37,4.4922
241.4,4.4818
241.43,4.4909
241.47,4.4635
241.5,4.4766
241.53,4.4792
241.57,4.4805
241.6,4.4557
241.63,4.4544
241.67,4.4583
241.7,4.4844
241.73,4.5365
241.77,4.5417
241.8,4.4961
241.83,4.5521
241.87,4.5313
241.9,4.6107
241.93,4.6068
241.97,4.6536
242,4.6901
242.03,4.6667
242.07,4.7018
242.1,4.7122
242.13,4.7148
242.17,4.6927
242.2,4.6602
242.23,4.7005
242.27,4.7174
242.3,4.7474
242.33,4.7526
242.37,4.8385
242.4,4.7708
242.43,4.7083
242.47,4.625
242.5,4.4375
242.53,4.1029
242.57,3.8086
242.6,3.5339
242.63,3.1784
242.67,2.7839
242.7,2.3438
242.73,2.0664
242.77,1.8659
242.8,1.7799
242.83,1.6628
242.87,1.6523
242.9,1.6628
242.93,1.5443
242.97,1.6628
243,1.6823
243.03,1.6654
243.07,1.4961
243.1,1.2331
243.13,1.2188
243.17,1.2005
243.2,1.2122
243.23,1.1849
243.27,1.1966
243.3,1.2135
243.33,1.276
243.37,1.2982
243.4,1.3424
243.43,1.3125
243.47,1.3281
243.5,1.3359
243.53,1.3398
243.57,1.3346
243.6,1.3125
243.63,1.3385
243.67,1.3646
243.7,1.3685
243.73,1.2891
243.77,1.2695
243.8,1.1927
243.83,1.194
243.87,1.194
243.9,1.0508
243.93,0.96615
243.97,0.94922
244,0.93099
244.03,1.0885
244.07,0.92318
244.1,0.89323
244.13,0.75911
244.17,0.65365
244.2,0.63021
244.23,0.94401
244.27,0.88932
244.3,0.89844
244.33,0.92057
244.37,0.92318
244.4,0.93359
244.43,0.94271
244.47,0.89974
244.5,0.8099
244.53,0.63542
244.57,0.45964
244.6,0.36849
244.63,0.15104
244.67,0.091146
244.7,0
244.73,0
244.77,0
244.8,0
244.83,0
244.87,0
244.9,0
244.93,0
244.97,0
245,0
245.03,0
245.07,0
245.1,0
245.13,0
245.17,0
245.2,0
245.23,0
245.27,0
245.3,0
245.33,0.036458
245.37,0.032552
245.4,0.020833
245.43,0.016927
245.47,0
245.5,0
245.53,0
245.57,0
245.6,0
245.63,0
245.67,0
245.7,0
245.73,0
245.77,0
245.8,0
245.83,0
245.87,0
245.9,0
245.93,0
245.97,0
246,0
246.03,0
246.07,0
246.1,0
246.13,0
246.17,0
246.2,0
246.23,0
246.27,0
246.3,0
246.33,0
246.37,0
246.4,0
246.43,0
246.47,0
246.5,0
246.53,0
246.57,0
246.6,0
246.63,0
246.67,0
246.7,0
246.73,0
246.77,0
246.8,0
246.83,0
246.87,0
246.9,0
246.93,0
246.97,0
247,0
247.03,0
247.07,0
247.1,0
247.13,0
247.17,0
247.2,0
247.23,0
247.27,0
247.3,0
247.33,0.0078125
247.37,0.022135
247.4,0.0026042
247.43,0.011719
247.47,0.028646
247.5,0.0039063
247.53,0.053385
247.57,0.050781
247.6,0.059896
247.63,0.041667
247.67,0.048177
247.7,0.022135
247.73,0.052083
247.77,0.011719
247.8,0.026042
247.83,0
247.87,0
247.9,0
247.93,0
247.97,0
248,0
248.03,0.0065104
248.07,0.0026042
248.1,0
248.13,0
248.17,0
248.2,0
248.23,0
248.27,0.0065104
248.3,0.046875
248.33,0.016927
248.37,0.011719
248.4,0
248.43,0
248.47,0.018229
248.5,0.018229
248.53,0.018229
248.57,0.018229
248.6,0.013021
248.63,0.013021
248.67,0.0078125
248.7,0.0091146
248.73,0.014323
248.77,0
248.8,0.0091146
248.83,0.016927
248.87,0.027344
248.9,0.058594
248.93,0.085938
248.97,0.089844
249,0.05599
249.03,0
249.07,0
249.1,0
249.13,0
249.17,0
249.2,0
249.23,0
249.27,0
249.3,0
249.33,0
249.37,0
249.4,0.095052
249.43,0.20573
249.47,0.31641
249.5,0.40495
249.53,0.46875
249.57,0.60807
249.6,0.76693
249.63,0.86719
249.67,0.91927
249.7,0.90495
249.73,0.82682
249.77,0.72917
249.8,0.61589
249.83,0.54167
249.87,0.48047
249.9,0.43359
249.93,0.40625
249.97,0.40495
250,0.40234
250.03,0.41667
250.07,0.41536
250.1,0.37109
